nombre_jugador:string,elo:int
SophieWilliams,86
MariaHenriquez,60
ArthurLeiva,89
AgustinDiaz,3
MiaCampos,56
ValentinaMorales,90
AntonellaVera,56
BernardoGomez,50
PedroSaez,65
LauraMedina,20
HaleyAlvarez,11
ElizabethAlarcon,98
LeonardoPalma,5
ValeriaAlarcon,52
DylanGuerrero,46
SamuelRomero,62
DanielaRamirez,62
CatalinaCastillo,96
MaiteLee,65
MaximilianoMedina,49
MartinFigueroa,81
SofiaFarias,20
SaraCampos,72
MaryCampbell,40
AlexandraVera,39
BernardoSalinas,7
JesusAlvarado,100
SusanCampbell,34
SantinoHenriquez,16
IsabellaOrellana,23
EmmaOrtiz,53
AdrianGodoy,48
IkerVasquez,55
JesusOrtega,3
CharlesValenzuela,85
EmilianoMolina,6
RodrigoBustos,80
AngelVega,88
MiaOlivares,68
VicenteNavarro,37
PedroJara,18
FlorenciaLeiva,28
LindaSmith,6
MilagrosTaylor,46
DiegoSalinas,57
AnaPaulaSaez,67
LautaroBustos,87
SophiePoblete,36
MariaJosePerez,75
LucasCaceres,39
CamilaMolina,43
MateoMartin,75
CristobalSaavedra,29
SusanAlvarado,22
LuisNavarro,43
AgustinLopez,4
ValentinaAlvarez,56
LucianaRuiz,83
DanielBravo,58
ChloeVidal,14
ReginaValenzuela,59
AlondraToro,29
AgustinLee,76
BrunoBrown,47
FranciscoOrtega,20
RenataGuerrero,1
AngelRiquelme,84
AlejandroTaylor,23
LucasDiaz,48
EmiliaAlvarado,4
IsabellaRiquelme,64
SofiaAraya,25
FlorenciaPatel,88
KamilaRojas,1
MilagrosOlivares,15
LuciaPino,54
BernardoVera,1
IanCampbell,60
JacobSilva,21
ArianaOrtiz,41
TomasRuiz,54
MateoWilson,100
HannahOrellana,58
JosephDonoso,63
CristobalSandoval,18
MateoAlvarez,2
FernandaRomero,47
SantinoAlvarado,97
ValeriaMorales,28
LucasGonzalez,29
RichardMedina,15
JuanJoseVenegas,12
DanielaOrellana,72
JoseWong,40
AvaCarrasco,61
JoseNavarro,32
IkerCampbell,28
RenataAlvarez,98
FelipeEspinoza,45
BrunoJimenez,3
DylanRamirez,38
DylanSanMartin,30
MarySmith,99
RodrigoLeiva,73
ManuelaCardenas,48
HaleySalinas,35
IsidoraMiranda,11
VicenteParedes,68
RenataSanhueza,15
MateoMiranda,31
SophiaEspinoza,7
GiovannaAravena,16
AnaPaulaLeiva,68
GiovannaDonoso,19
LilyOlivares,36
SophiaRiquelme,90
BarbaraMorales,32
AlejandroAguilera,73
JacobLeiva,63
AliceSalazar,76
RodrigoCaceres,71
RobertCarrasco,31
GabrielMiranda,22
ArianaSepulveda,41
IsabellaContreras,92
ArianaSanMartin,21
AngelParedes,12
MartinaCortes,53
JoaquinPerez,71
MariaJoseHerrera,36
SebastianVera,82
AlejandroSanhueza,63
LuisTapia,87
MariaJoseSaavedra,34
AlejandroAlarcon,1
JuanDavidSmith,80
LuzBrown,63
EmmaReyes,21
IsidoraBustamante,50
MartinMartinez,10
DanielFuentes,14
JuanDavidVergara,43
RobertPoblete,48
SusanTorres,73
JamesVenegas,7
AgustinaOlivares,9
AlmaRivera,14
AliceMartin,92
SophiaSmith,10
RenataMaldonado,15
VicenteCaceres,11
LauraOrtiz,94
MichaelSilva,73
SophiaGonzalez,21
HaleySilva,60
SaraJimenez,39
IanRodriguez,60
MilagrosJimenez,87
SophieThompson,66
MiguelThompson,26
AgustinaRodriguez,3
CamilaLeiva,61
MicaelaSmith,50
AlejandroOrellana,35
ZoeContreras,89
LuzRomero,17
JosephRodriguez,72
MaryLopez,62
KamilaFarias,10
BarbaraBustos,48
GiovannaPalma,61
EmiliaJones,62
AlondraBustamante,43
FranciscoCortes,76
GiovannaGomez,57
SusanContreras,84
JuanGuerrero,77
BrunoPino,100
VictoriaLagos,82
ArianaJones,26
RenataVega,92
MichaelDiaz,57
RenataVidal,91
OliviaJimenez,12
LucasRivera,48
JoseEspinoza,20
GabrielOrtiz,53
RichardHenriquez,74
ArianaPino,92
JesusGarrido,49
FelipeSaavedra,70
EmmaPino,15
JohnPino,14
JoseCardenas,32
AlejandroCarrasco,57
EmiliaGuerrero,45
AgustinaCarrasco,49
LeonardoVenegas,21
JuliaWilliams,53
EmiliaHerrera,96
MilagrosCastro,64
SofiaRomero,25
NicoleHerrera,84
MiguelOrtiz,65
WilliamVargas,69
AndresFelipeContreras,55
ThomasCarvajal,40
LucasMartin,1
CharlesFigueroa,12
AndreaEscobar,64
MartinaNavarro,87
IsabellaNavarro,50
AndreaRuiz,86
SofiaGomez,25
MiaDiaz,56
JenniferSalazar,42
JacobRiquelme,34
EmilyParra,16
MarianaMoreno,56
SofiaLopez,52
SophiaCarvajal,15
ElizabethSalazar,5
DanielAlejandroFuentes,26
RodrigoTorres,33
JohnLopez,90
AlejandroLagos,43
JesusParedes,53
PedroWong,25
DylanCortes,51
MicaelaGomez,92
PatriciaBravo,18
JenniferMorales,72
AnaPaulaPatel,43
MicaelaJara,97
JuliaBustos,16
AlexandraNavarro,93
NicoleRojas,79
MartinVergara,87
ThomasHenriquez,51
RichardAraya,22
HaleyVargas,6
ValeriaTaylor,86
AntonellaRodriguez,48
RafaelAravena,42
IsabellaDiaz,48
FranciscoCardenas,53
MargaretLagos,42
SophieHenriquez,16
JoaquinCaceres,42
PedroRivera,17
FlorenciaSoto,71
JuliaOrtega,9
MartinVenegas,51
ReginaVenegas,45
CarlosAlvarado,69
ValeriaToro,84
MaximilianoFernandez,80
SamanthaCampos,73
MaryAlvarez,51
JuliaOlivares,64
SebastianContreras,35
MaryMaldonado,5
SamuelSilva,21
BenjaminContreras,56
FlorenciaAraya,14
MaiteLagos,18
AntonellaGonzalez,21
SaraPizarro,48
AndresFelipeCampos,61
SebastianFlores,5
LuzOrtiz,56
JuanAndresReyes,55
LilyLeiva,13
SantiagoMorales,54
MargaretGarcia,59
GiovannaSalazar,77
MaximilianoNavarro,25
DanielaMiranda,65
MiaFernandez,70
FranciscoGonzalez,84
SaraMaldonado,4
ArthurAraya,7
MichaelFuentes,63
EmiliaToro,49
ReginaWilliams,80
LucianaCampbell,59
RodrigoJones,16
FranciscoDonoso,87
GabrielDonoso,84
SamanthaGallardo,17
MaximilianoAravena,97
DanielGuerrero,59
RobertMartin,22
SamanthaJimenez,25
JoaquinMorales,93
CarlosSepulveda,25
MartinTapia,23
JesusOrtiz,89
EmilianoVega,80
KamilaSalinas,4
LindaCastro,5
LucianaContreras,72
CatalinaGuzman,16
BeatrizVargas,48
RafaelPatel,10
FelipeMolina,32
LautaroOrtega,69
MariaParra,40
SofiaCarvajal,74
AliceAguilera,48
CamilaCarvajal,73
JuanRojas,93
XimenaPatel,97
JuliaJimenez,100
ZoeGarcia,6
ValentinaHerrera,87
ArianaSalazar,56
DanielRojas,19
CatalinaLee,44
RichardGallardo,5
MilagrosMolina,69
DanielAlejandroPalma,15
ManuelaNavarro,21
NicolasSanchez,42
IsabellaOrtega,87
SaraFigueroa,69
AlexanderMartin,11
RobertRiquelme,43
LautaroContreras,68
MiaGarrido,17
FernandaBustos,99
MaximilianoSoto,69
GiovannaRiquelme,35
JohnSalinas,82
KamilaSanMartin,3
MariaPizarro,64
LucasLopez,27
MartinaSmith,89
SusanSalinas,53
AlejandroFigueroa,79
AgustinRojas,78
JoaquinGallardo,48
HaleyGarcia,42
DavidJara,88
ElizabethReyes,71
RodrigoJimenez,86
AndreaOrtega,91
LeonardoTapia,29
EmilianoPatel,44
XimenaGuerrero,98
KamilaTapia,19
RodrigoMedina,74
RobertAguilera,53
IanTaylor,35
LauraOrellana,17
TomasSalazar,74
RafaelMartin,46
RenataGodoy,76
FlorenciaFlores,10
FranciscoToro,38
JacobAravena,63
CarlosFernandez,27
IsidoraPatel,37
JenniferLopez,23
ArianaJara,80
KamilaRivera,45
MilagrosFigueroa,39
GabrielLeiva,76
FranciscoPino,45
JoseValenzuela,11
AntonellaPizarro,83
FranciscoWilliams,44
SebastianFuentes,67
CarlosEscobar,42
LuisGuzman,79
AlejandroMartin,18
MichaelSanchez,49
MariaJoseCampbell,46
HaleyVega,64
GabrielMartinez,6
DanielaVega,82
ElizabethHerrera,84
WilliamJones,80
MariaLee,77
LuisTorres,44
SusanMartinez,1
AdrianRamirez,97
XimenaGarcia,98
MaryNavarrete,53
BeatrizEspinoza,55
AlexandraMaldonado,24
JosephSanchez,63
DylanGarcia,79
JenniferVergara,61
DavidSanMartin,28
SantinoReyes,92
ElizabethMedina,93
AvaGodoy,21
NicolasAraya,82
AliceHernandez,17
JoaquinDonoso,69
EmilianoPerez,16
CamilaRamirez,71
MarianaParra,89
AnaPaulaMedina,94
IsidoraTorres,89
ChloeParra,69
VictoriaMaldonado,24
MaiteCastro,85
VicentePatel,11
ValeriaRivera,78
MaryHenriquez,15
AndreaDonoso,64
NicolasCardenas,87
EmiliaCarrasco,21
JuanDavidWilliams,95
MiguelRuiz,98
HannahEscobar,64
JoaquinBustos,37
MaximilianoSmith,64
CamilaSilva,62
MaximilianoRamirez,94
DiegoAlejandroGarrido,69
FlorenciaToro,92
AgustinWilliams,38
JenniferMolina,23
RenataOrellana,4
RenataDonoso,9
JesusRojas,9
ElizabethPalma,53
SaraPalma,29
LindaContreras,23
MiguelPatel,8
DiegoAlejandroCampbell,77
DanielaAguilera,41
JamesPizarro,7
AgustinHernandez,6
AndreaRamirez,63
CarlosCampbell,1
AntonellaHerrera,91
LauraRamirez,95
MariaAlarcon,80
RafaelGodoy,87
AngelNavarrete,26
SofiaMedina,47
MariaJoseCardenas,32
AnaPaulaCampos,93
MilagrosPoblete,26
SantiagoRamirez,87
AntonellaLeiva,19
JuanDavidJones,63
AntonellaFigueroa,28
LautaroSilva,99
IsabellaTapia,5
DavidMoreno,25
OliviaBustos,23
BarbaraThompson,88
MariaRomero,90
BernardoVenegas,95
IsabellaEscobar,29
SamanthaSalinas,100
CamilaSalazar,50
SophieSalazar,25
AmandaCastro,37
LuciaCampos,38
PedroLagos,71
JoaquinSalinas,81
EmilySanMartin,64
MilagrosThompson,75
MaiteWong,56
FlorenciaGomez,24
SamuelSalazar,24
LindaCortes,66
GabrielAravena,2
AlejandroBustos,93
JuanDonoso,77
DanielaTaylor,34
AnaPaulaAguilera,73
MiaEspinoza,60
FelipeSmith,70
RobertMaldonado,16
IkerSoto,56
LilyAlvarado,46
HannahTorres,71
JuanJoseCastillo,27
EmilyCaceres,22
AlmaPizarro,82
JuanJoseAlvarez,30
AgustinPino,24
BarbaraBravo,72
JesusContreras,44
CristobalGodoy,69
JoaquinLee,4
SamuelCastro,77
CristobalGuerrero,18
MaiteParra,92
DiegoAlarcon,46
ZoeSepulveda,95
RominaAlvarez,71
NicolasHenriquez,89
ThomasVenegas,9
LilyCastillo,17
FernandaLagos,35
JoaquinFernandez,90
AnaPaulaVidal,79
JuanAndresLeiva,98
FlorenciaMartin,79
GiovannaAraya,63
BernardoBustamante,68
IsidoraEscobar,61
HaleyBravo,74
GabrielaGuzman,57
SophiaOrtega,24
MariaJoseJimenez,27
LauraRojas,27
ValentinaOrellana,90
EmilyGuzman,95
RichardVenegas,96
FernandaCampbell,37
MargaretFuentes,43
CarlosRivera,4
VictoriaBustamante,98
LucianaVergara,41
WilliamSalazar,67
ElizabethWilson,99
AvaAravena,39
SantiagoJimenez,81
PatriciaOrtiz,81
SophieMorales,26
BenjaminSepulveda,37
AlmaWong,35
SophieLee,95
JuanDavidNavarrete,47
JacobFuentes,26
MiaSilva,16
AliceVidal,97
DiegoFlores,71
VicenteFernandez,12
SophieOrtiz,13
IanSanchez,85
EmilySalazar,4
RenataAraya,87
AndresFelipeHenriquez,74
JosephAguilera,4
JenniferSilva,41
JamesSandoval,21
SusanGomez,42
WilliamEspinoza,14
IsabellaGuerrero,69
ManuelaAravena,48
CamilaCastro,81
BenjaminCaceres,84
JosephSalazar,1
DanielAlejandroTorres,77
CharlesWilson,97
AntonellaFernandez,96
AngelVergara,33
ThomasHerrera,20
MiaMiranda,91
MartinaOlivares,85
HaleyOrtiz,50
ManuelaSaavedra,92
PatriciaBustos,90
PedroRodriguez,27
TomasSaez,77
FranciscoEspinoza,18
GabrielaMaldonado,32
KamilaOrtega,8
MariaJoseAravena,46
BeatrizVasquez,78
BrunoThompson,23
JosephLeiva,74
SofiaVasquez,1
SaraValenzuela,2
ThomasGomez,92
MaximilianoValenzuela,46
JuanAndresJara,77
ReginaBravo,46
ZoeRivera,70
MarianaSanMartin,79
VictoriaSoto,40
IanMedina,51
CatalinaMaldonado,6
HannahCastro,96
GabrielaAlarcon,33
RafaelReyes,97
DylanGonzalez,14
MarianaHenriquez,52
JuanDavidCampos,44
KamilaDonoso,5
PatriciaCaceres,29
AlexandraFernandez,95
AntonellaVenegas,81
PedroParra,8
ThomasBustos,80
ChloeVenegas,91
GabrielRodriguez,16
JesusValenzuela,11
AlexandraMoreno,63
ManuelaTorres,39
JuanJoseCardenas,91
ArianaNavarro,36
MargaretOrtega,73
ZoeVera,77
SophiaOrellana,36
ManuelaFernandez,83
FelipeMedina,72
AgustinaCortes,56
WilliamSanhueza,27
LucianaThompson,12
EmmaVega,8
MariaJoseRamirez,84
XimenaPino,82
MateoReyes,78
MicaelaFlores,27
AlmaWilliams,11
AlmaOrtiz,96
BenjaminRiquelme,20
ChloeMoreno,99
SophiaRivera,59
JuliaMorales,3
AntonellaSaez,98
CristobalTaylor,25
TomasPoblete,90
DanielRomero,27
JenniferDonoso,82
HaleyGuzman,91
ThomasAlvarado,24
FelipeTapia,71
NicoleMedina,81
LuciaRodriguez,97
MaximilianoGarrido,37
AlexanderOrellana,6
MiaMoreno,90
EmilyNavarrete,11
BrunoGallardo,66
DanielAlejandroVidal,15
ZoeVasquez,30
WilliamGarcia,64
AlmaMedina,69
MiguelReyes,47
MargaretBravo,11
LilyCortes,57
EmmaAlvarado,11
MicaelaValenzuela,61
KamilaMolina,59
AlejandroJimenez,52
AndreaToro,86
PatriciaRuiz,26
BenjaminCampos,78
JoaquinJara,86
CamilaAlvarez,64
JenniferVargas,34
DanielBustos,79
KamilaVega,93
AlexanderBustos,67
JamesFigueroa,65
AlmaNavarro,21
MariaGonzalez,69
SamanthaSanMartin,31
CristobalThompson,77
AnaPaulaSaavedra,65
SophiaHernandez,72
MarianaCardenas,16
AnaPaulaPizarro,25
WilliamAraya,66
VictoriaRomero,56
DanielaGarrido,88
GabrielaGarrido,18
TomasDonoso,66
FlorenciaTaylor,61
RichardSaavedra,4
XimenaRiquelme,47
SophieRamirez,63
DavidGallardo,47
MicaelaWilliams,51
BenjaminBustamante,66
ReginaToro,94
SaraSalazar,39
MariaCampos,51
RominaVega,62
SebastianWong,89
BarbaraSmith,49
LilyRojas,90
ArianaBustos,39
VicenteParra,73
CristobalCortes,80
EmmaSanhueza,30
ManuelaHerrera,48
MariaCortes,72
SaraGarcia,66
CatalinaPoblete,99
RobertCastillo,35
MarianaTorres,90
AdrianVega,71
SophiaVera,60
VicenteAlarcon,86
SantiagoGallardo,70
CristobalValdes,76
MartinToro,58
DavidTapia,5
BrunoOrtiz,43
JoaquinSmith,14
BrunoLopez,4
KamilaWong,81
LuisPoblete,54
AntonellaBustos,59
TomasBravo,19
SantinoNavarro,37
RenataSmith,5
ZoeAlvarez,84
ArthurEspinoza,75
ValentinaNavarrete,50
LuisAraya,42
OliviaCaceres,75
AndresFelipeGarrido,31
WilliamVasquez,36
CarlosMoreno,60
LuisJones,20
NicolasCampos,55
AliceMolina,14
AnaPaulaDonoso,31
IanLee,4
DavidAlvarez,92
FelipeReyes,41
IsabellaCastro,26
PatriciaLeiva,69
ManuelaVidal,99
MatiasVega,29
AngelParra,60
AdrianCampbell,84
AgustinVasquez,48
EmmaLee,9
SantiagoDiaz,80
DiegoAlejandroFlores,93
AmandaRodriguez,29
HannahAravena,5
MichaelHernandez,81
MarianaNavarro,14
MiguelAlvarado,5
SofiaBravo,23
PatriciaPerez,88
ArthurBustos,56
HannahSanMartin,1
MateoRomero,9
NicoleDiaz,39
LucasEspinoza,57
BernardoParedes,7
MartinFernandez,28
AndresFelipeValdes,91
ElizabethVega,20
LilyEscobar,3
LilyMartinez,83
SamanthaSilva,25
MartinHenriquez,45
AlmaFernandez,85
JoaquinRiquelme,78
AlejandroParedes,3
JoaquinTaylor,11
GiovannaSilva,89
EmilyWong,29
IanSoto,38
SusanGodoy,83
IkerThompson,100
CarlosEspinoza,48
IkerToro,46
JoaquinOrellana,99
DiegoAlejandroFuentes,19
DiegoVega,61
DavidRivera,22
LindaBustos,79
AlexanderSaavedra,13
IanCampos,57
SamuelGuerrero,64
DylanTorres,92
GabrielaMartin,71
MartinJara,22
SantiagoHerrera,98
JohnVega,56
IsabellaVenegas,92
NicoleDonoso,1
MartinSaez,25
BeatrizFigueroa,65
ArthurCardenas,36
EmmaFuentes,77
RodrigoToro,82
JohnCarrasco,52
VicenteSaez,71
PatriciaSoto,83
EmilianoGarrido,61
DavidGarcia,41
IsidoraAlvarado,12
VicenteOrtega,60
FranciscoCastillo,61
LuzJones,81
SophiaSanMartin,18
FelipeJimenez,13
PatriciaBustamante,78
SamuelRivera,82
MartinaMorales,95
RafaelSoto,6
GabrielVera,3
LuisFigueroa,44
MicaelaOlivares,20
AlmaDonoso,21
DavidVasquez,18
RobertPatel,75
VictoriaVenegas,99
ArianaGutierrez,59
LautaroJones,29
JosephRamirez,57
ThomasRivera,84
AlondraGonzalez,29
AntonellaSalinas,81
GabrielOlivares,25
NicolasSalazar,51
JohnGutierrez,58
DiegoNavarrete,40
LeonardoAraya,95
AdrianMiranda,32
AlondraOrellana,2
DanielAlejandroOrtega,40
SebastianRamirez,28
DylanTapia,55
GiovannaAlvarez,76
AngelCortes,82
LucasSandoval,8
IsidoraVenegas,67
IkerCastillo,38
CamilaPatel,47
LucianaCaceres,41
AnaPaulaMolina,29
DanielAlarcon,53
JuanDavidGuerrero,83
BeatrizSaavedra,65
SantinoVega,24
MateoMorales,14
LautaroToro,41
AlmaWilson,74
FranciscoValenzuela,53
AlmaLee,46
RichardTorres,93
BenjaminSaez,65
DylanSoto,99
NicolePino,58
HannahBustamante,6
IkerWilson,42
BrunoSalinas,52
GabrielMorales,50
AgustinaGutierrez,78
DavidMiranda,83
MaximilianoGonzalez,17
VicenteRuiz,93
MaryVargas,83
AlexanderVergara,34
MartinMorales,29
VictoriaPerez,45
HaleyGonzalez,49
WilliamDiaz,6
GabrielaDonoso,49
EmiliaNavarrete,48
LeonardoPizarro,29
AnaPaulaVenegas,55
AndresFelipeRomero,69
LucianaWong,44
AlmaCortes,33
BenjaminRivera,99
JenniferPizarro,27
SofiaVega,10
CamilaFlores,63
ManuelaWong,24
SofiaFigueroa,56
LuciaContreras,66
JamesFlores,95
ThomasBustamante,81
LuzFernandez,95
EmilianoFarias,23
LilySandoval,51
AgustinCarvajal,68
ValeriaGarrido,12
IsabellaGarcia,96
MartinWilson,64
JohnAlarcon,49
AlondraTaylor,79
ManuelaRojas,64
JacobCardenas,7
AlmaMoreno,70
MariaCampbell,59
LindaMoreno,6
RafaelJones,80
MiaLee,75
MateoTorres,10
LuisHenriquez,37
JuanJoseBustamante,43
AntonellaValenzuela,78
MargaretRivera,13
ReginaPatel,87
LuzEspinoza,73
MateoJimenez,38
MarianaGutierrez,30
EmilianoRodriguez,36
JuanJoseParedes,11
JohnSaavedra,20
MilagrosBustamante,83
IsabellaGodoy,2
FernandaDonoso,69
MilagrosParra,44
FlorenciaBustos,97
JuanJoseGutierrez,48
JuanJoseDiaz,87
LucasParra,90
MaiteVera,16
CharlesGuerrero,42
PatriciaVera,100
DanielSaez,12
VicenteSmith,34
ElizabethParedes,15
JuanVidal,82
IsabellaCampbell,23
LucasTaylor,76
ElizabethCastillo,6
DanielaSalinas,76
ValentinaCastillo,66
WilliamOrellana,24
AmandaFlores,13
LucasSaavedra,54
LucianaToro,40
EmmaPatel,21
PatriciaRomero,21
AlexandraGomez,6
MicaelaCastillo,56
PatriciaSmith,24
EmiliaSaez,70
FlorenciaSmith,89
BarbaraDonoso,48
ValeriaMartinez,27
HaleyCastillo,50
JoseWilliams,40
LilyOrellana,55
MatiasSalazar,100
AmandaGodoy,36
EmiliaWilson,74
AgustinaOrtiz,25
AvaSanchez,6
SophiePerez,69
SofiaAravena,35
ArianaBrown,65
SamanthaSepulveda,47
ZoeJones,19
ChloeCarrasco,70
TomasNavarro,11
JacobOrtega,66
DylanBravo,9
JosephOrellana,78
DavidSalazar,67
RenataSepulveda,77
LautaroVergara,90
IkerBrown,40
AdrianVera,28
JoaquinParedes,64
JuliaSanhueza,4
MateoCampos,87
GabrielaPino,44
HannahFlores,32
HannahFigueroa,25
RafaelVenegas,39
ThomasHernandez,50
BernardoGallardo,94
ReginaCampos,53
JohnDiaz,49
ChloeGomez,80
LindaBravo,24
JuanJoseCarrasco,23
AvaSoto,54
PatriciaGutierrez,43
JuanJoseNavarro,65
VicenteCortes,90
CamilaSoto,53
LuciaSandoval,97
ValentinaThompson,94
DylanCastro,71
MateoThompson,18
HaleyGallardo,17
AlejandroCampos,20
JuanDavidLopez,94
IkerAravena,79
AlmaCampos,73
DanielaGuzman,50
JohnSoto,30
ArthurValenzuela,22
CristobalRiquelme,44
SantiagoMedina,40
AlmaVasquez,57
SamuelCastillo,3
JamesSmith,46
VicentePalma,32
HaleyGutierrez,22
FelipePerez,65
AliceMorales,99
SantinoCarvajal,76
JamesLagos,95
ChloeGuerrero,13
BenjaminFigueroa,71
JamesAravena,45
AlexanderCaceres,96
ValeriaHenriquez,2
IsidoraGarrido,80
NicolasBustos,79
FernandaSandoval,24
AdrianTaylor,44
MiguelSanhueza,59
MatiasNavarrete,13
JoseBustamante,69
BrunoHerrera,73
SusanBravo,66
JuanDavidVidal,9
FlorenciaPoblete,62
IsidoraVergara,71
VicenteBravo,23
MilagrosNavarro,94
JosephSoto,63
IsabellaRojas,38
LilyGonzalez,11
SusanBrown,24
BrunoRuiz,74
ValentinaCampos,63
MilagrosFlores,87
KamilaCastro,52
MaryCastro,27
RobertGutierrez,3
FranciscoPatel,84
SebastianTapia,20
NicolasOrtega,99
MiguelToro,14
KamilaGuerrero,70
AdrianGutierrez,33
JamesEspinoza,98
AlexandraVergara,28
JenniferSalinas,11
TomasAlvarado,95
ValeriaRuiz,67
DiegoVergara,71
ZoeGallardo,10
JoaquinGarcia,93
LeonardoWong,55
ChloeGutierrez,2
NicolasPizarro,54
LucianaCortes,78
MiguelGarcia,89
EmmaGomez,2
JenniferThompson,3
AlmaGomez,19
JuliaGonzalez,67
CatalinaRuiz,90
RichardVargas,24
VicenteVega,39
RenataToro,72
AndreaMiranda,89
JuanSaez,6
PatriciaAravena,81
ArthurValdes,84
DanielAlejandroToro,41
BarbaraMiranda,48
AngelLeiva,67
MarianaGarcia,92
SantiagoVidal,48
JoaquinTapia,68
RichardBravo,17
ChloeOrtiz,99
AliceGarcia,54
LuisSaavedra,96
RenataTaylor,79
JamesWilliams,38
RominaSalinas,29
RobertThompson,33
GiovannaValenzuela,26
VictoriaFigueroa,86
DanielAlejandroLagos,45
CharlesTaylor,18
EmiliaPizarro,47
OliviaDiaz,53
BrunoCaceres,44
GiovannaLopez,22
BeatrizMartinez,85
MatiasJones,4
BernardoDiaz,73
LucianaBustamante,59
GabrielReyes,92
SophieSaavedra,62
SofiaSepulveda,63
AvaVargas,29
JuliaJones,14
AgustinFlores,14
ReginaGomez,11
IsabellaSoto,93
VicenteGodoy,77
PedroAraya,84
RobertLee,45
GiovannaSanchez,93
JenniferFuentes,90
JacobHenriquez,36
EmilyVera,24
MiaSandoval,90
PedroBustos,73
EmilyMaldonado,90
MaximilianoCarrasco,12
FernandaOrtega,74
MaryMiranda,79
IsabellaSalinas,80
MiaCastillo,41
ValentinaCardenas,76
MateoNavarrete,45
LautaroSanMartin,12
TomasRiquelme,63
LucianaFlores,36
PatriciaSalinas,94
ArianaAguilera,50
BarbaraMedina,54
ElizabethSaez,92
ReginaRodriguez,21
JuanJoseGarcia,4
SaraVenegas,65
ValentinaTapia,79
JamesVargas,25
DiegoAlejandroVidal,67
SusanGuzman,63
IsabellaThompson,45
RominaSoto,13
IanSandoval,62
SofiaBustos,57
MartinRivera,96
MichaelRodriguez,75
ZoeReyes,65
AdrianCastro,59
ChloeNavarro,14
AlexanderEspinoza,90
LuzGuerrero,51
DanielAlejandroEscobar,57
OliviaJones,44
SaraCortes,22
VicenteWilson,88
JuanDavidAravena,36
LauraSaez,93
SofiaCarrasco,73
AlexanderVargas,52
MicaelaGallardo,26
OliviaMartin,53
BenjaminDiaz,83
CatalinaLeiva,6
DanielLagos,8
WilliamSanchez,74
ThomasCastro,5
SofiaFlores,26
RichardVergara,28
IanPoblete,24
AliceEscobar,78
MatiasPerez,80
BrunoEscobar,64
AlexandraBrown,13
ChloeFigueroa,8
CristobalJimenez,17
FlorenciaRamirez,79
KamilaRuiz,22
ZoeFarias,5
SophiaCarrasco,71
JuanDavidVega,26
JuanDavidTaylor,88
RominaMiranda,27
AgustinaMartin,94
AntonellaMolina,81
JuliaBustamante,99
JohnDonoso,78
VictoriaPatel,24
DavidMartinez,30
JuanJoseVasquez,38
GabrielHernandez,83
MichaelValenzuela,1
ArthurPalma,75
MateoFernandez,50
JuliaVargas,83
ValentinaPalma,25
PatriciaCortes,4
ElizabethBrown,45
AngelPerez,98
SamuelHernandez,4
SamuelRojas,51
MarianaCaceres,19
AmandaRomero,88
MargaretParedes,36
AntonellaFlores,44
ArianaLee,43
MariaJoseContreras,17
MaximilianoGuerrero,16
SophieMiranda,52
ReginaSalazar,23
FelipeHernandez,79
DanielaFarias,38
KamilaValenzuela,89
MilagrosOrellana,87
ArthurAlvarado,14
AliceSanMartin,31
BrunoVega,27
HannahSalazar,13
AlmaTaylor,31
JuanAndresGarcia,30
LautaroGarrido,57
JuliaSepulveda,73
IsabellaSaez,27
RichardEspinoza,71
AngelTaylor,47
DiegoAlejandroLopez,79
AngelWilson,20
MichaelCardenas,59
LauraMaldonado,82
SamanthaMartinez,36
AndresFelipeSilva,16
DylanVera,42
MartinLeiva,48
IkerSilva,33
ThomasSandoval,84
BernardoCardenas,42
MartinaSalinas,25
ElizabethOlivares,88
LuisMolina,90
AndreaCampbell,53
BeatrizCardenas,35
LindaFigueroa,64
AlexanderSanchez,52
MateoSanhueza,74
MaryCarvajal,21
AntonellaEscobar,52
SophieWilson,32
LautaroRamirez,35
IkerRodriguez,59
JuanDavidRuiz,79
AgustinaRuiz,80
SaraCardenas,65
DanielJones,57
KamilaCardenas,95
AndreaContreras,83
EmilianoParedes,33
JesusHernandez,74
MargaretEscobar,94
SebastianCampos,43
CharlesHenriquez,55
AmandaOrellana,65
DanielaPino,52
SamuelHenriquez,72
IkerTorres,2
ChloeCampbell,97
MartinaLee,53
XimenaValdes,12
LuisRamirez,88
RodrigoTapia,60
DanielAlejandroOrellana,59
SaraPatel,25
AlondraCaceres,13
MiguelCastillo,74
AgustinaFuentes,94
EmmaLeiva,41
AdrianValenzuela,44
GiovannaVidal,86
IsabellaSmith,59
AngelHerrera,67
JuanAndresWilliams,44
ManuelaMartinez,67
ElizabethAguilera,22
NicolasGarcia,38
LeonardoOlivares,3
CharlesThompson,24
CamilaMoreno,98
DanielCaceres,80
LucianaMedina,96
FelipeCaceres,42
FelipeHerrera,65
AndreaReyes,62
LuciaOrtega,93
JacobVega,26
ValeriaHernandez,83
ManuelaRiquelme,3
MaiteGomez,60
JacobVasquez,39
AlejandroParra,72
DanielaGarcia,94
ManuelaCampbell,22
RodrigoParra,26
EmmaCastro,3
GiovannaFigueroa,12
DanielSmith,56
ManuelaHernandez,80
IkerMolina,9
BenjaminSilva,74
EmiliaSanchez,83
FelipeCardenas,10
NicolasReyes,52
LauraSalazar,92
MichaelGuzman,99
MateoMartinez,49
GabrielaFernandez,9
GiovannaTapia,72
HaleyLopez,100
ArianaContreras,15
LeonardoCastro,99
JacobOrtiz,76
MatiasFuentes,12
ArianaVenegas,39
ValeriaRomero,71
AlexandraToro,97
SophieValenzuela,36
IkerDiaz,49
LucasRamirez,22
MariaJoseDonoso,59
AndreaSilva,16
FlorenciaParedes,99
JoaquinWilson,67
FernandaMorales,67
JuliaCampbell,47
DiegoAlejandroPizarro,38
GabrielRuiz,37
ChloeRamirez,83
JenniferReyes,68
AlondraAraya,71
AmandaAravena,63
XimenaToro,90
HannahBrown,86
DiegoAlejandroAguilera,53
VictoriaBravo,70
MariaSalazar,30
KamilaToro,40
MiaGutierrez,35
MariaRivera,97
LuisOrtega,97
AntonellaValdes,52
SebastianPino,25
AdrianEspinoza,92
GabrielaSepulveda,3
JesusHenriquez,98
VictoriaWilson,6
JuanAndresValdes,46
RenataBrown,9
MaryAlarcon,82
MariaThompson,33
RominaLee,68
JuanFuentes,32
JamesHernandez,50
LuzVargas,90
SaraSanMartin,78
LindaSaavedra,85
LauraSmith,2
SebastianSanhueza,33
IkerRivera,100
BernardoContreras,77
AdrianMaldonado,37
RichardJara,54
JoaquinRivera,76
LucasCampos,64
XimenaCaceres,50
MaiteMartinez,48
AmandaRivera,7
DanielVera,68
RenataNavarro,47
JuanDavidOrtega,81
LeonardoSanhueza,47
AlexanderPalma,65
RenataGarrido,55
JoaquinVergara,82
RafaelDonoso,22
AlmaSalazar,39
LuisNavarrete,14
SantinoMolina,98
FernandaTorres,14
AlejandroBrown,57
SebastianMiranda,26
JenniferRodriguez,69
TomasCampos,79
AndreaBrown,21
AgustinCastillo,38
BrunoMartin,37
JamesVidal,8
LilyVenegas,20
JoaquinVenegas,99
MiaMaldonado,27
SofiaVargas,44
MaiteLeiva,42
SantinoSalazar,44
AvaRojas,88
BarbaraVenegas,58
AngelSandoval,20
RenataParedes,40
TomasPino,100
ElizabethGomez,7
AlejandroSanchez,6
AlexanderHerrera,94
BenjaminPerez,53
MateoSanchez,14
ArianaDiaz,25
ValentinaValenzuela,75
BernardoJara,52
BeatrizGodoy,62
AndreaMartin,40
DylanValdes,95
LilyDonoso,65
PatriciaNavarrete,10
SofiaTorres,74
ValentinaMolina,38
ElizabethGallardo,13
CatalinaCampos,62
RobertAlarcon,83
AntonellaJimenez,64
ZoePoblete,32
JuanAndresMorales,69
DylanCampos,75
NicoleOrtega,59
EmilianoNavarrete,94
DanielAlejandroPino,27
AndreaSaavedra,4
VictoriaGarrido,60
DylanNavarro,30
JenniferSandoval,72
ChloeWong,66
JuanBrown,64
LuzFigueroa,100
LindaLeiva,11
BarbaraAlarcon,81
LeonardoVergara,76
RodrigoHerrera,70
MargaretGuzman,45
MiguelAlarcon,30
MicaelaFarias,66
LautaroGuzman,62
AvaOrtega,47
SophieBustos,84
KamilaLee,85
SebastianVidal,35
AmandaAlarcon,8
CamilaTaylor,41
DanielAlejandroRuiz,14
IsabellaMolina,13
JuanGarrido,35
GabrielaFigueroa,37
ChloeRivera,53
JuliaVergara,64
CatalinaSilva,84
AnaPaulaMoreno,77
MiguelPizarro,82
GabrielBustamante,2
JuanDavidNavarro,19
MariaJoseRivera,12
SantinoPoblete,86
DanielaCastro,44
CatalinaMolina,20
LucianaMaldonado,20
ElizabethLagos,65
ArthurMartin,39
AlexandraBustamante,95
BenjaminVergara,43
EmilianoPoblete,21
HaleyRiquelme,91
ArianaMorales,56
AlejandroCaceres,92
MariaJoseTapia,32
AndreaVega,45
DiegoEspinoza,79
SamanthaVenegas,17
JohnVera,41
JosephAlvarado,18
PedroMoreno,33
LeonardoFernandez,83
FelipeFigueroa,19
MateoVega,83
DylanPalma,2
AlexanderRomero,20
JacobMolina,83
OliviaVidal,5
ManuelaFuentes,89
JuanGarcia,42
CristobalSanchez,52
VicenteTaylor,25
LauraVargas,3
MaximilianoJones,21
DiegoGarcia,4
ThomasCampos,46
FranciscoSanhueza,32
JenniferLee,3
DanielaParra,39
AngelRodriguez,31
ElizabethGonzalez,71
LuzPizarro,22
MartinaFlores,20
MaximilianoMorales,100
MiguelBustos,55
ArthurHerrera,95
AlondraGarcia,84
LauraVega,93
ZoeHernandez,51
AndreaCampos,14
MariaSanMartin,26
JamesGomez,22
MariaGuerrero,26
AlexanderAlvarado,54
MartinaJones,67
LucianaParedes,34
FlorenciaJimenez,15
ManuelaBrown,17
KamilaNavarrete,51
AlondraSanMartin,95
LucasPalma,84
SantiagoNavarro,3
AlondraRomero,82
GiovannaFlores,5
HannahLeiva,32
RichardPerez,48
JuanAndresSaavedra,78
TomasSoto,86
FranciscoPoblete,22
ReginaLee,19
RominaTorres,48
PatriciaFlores,73
ElizabethGarrido,55
MariaCarvajal,71
EmiliaLagos,10
JoseToro,69
DiegoAlejandroMaldonado,89
AngelWilliams,12
SusanHenriquez,90
JuanCastillo,29
JoseEscobar,3
AlondraMiranda,11
FranciscoCampos,4
ArianaSoto,28
TomasMolina,93
VictoriaFernandez,62
AntonellaLagos,36
WilliamGomez,26
AliceLagos,7
MariaGarrido,25
MargaretSoto,86
ThomasOrtiz,76
AngelCampos,76
MarianaGonzalez,32
SaraOlivares,97
AvaMiranda,82
RichardPoblete,46
XimenaJara,91
RodrigoOrtiz,90
AlmaPoblete,54
MarianaPalma,65
SaraNavarro,13
JuanAndresSepulveda,71
VictoriaNavarro,92
MiaHernandez,100
NicolasRojas,49
FernandaValdes,64
XimenaVargas,3
GiovannaEspinoza,46
ReginaMartin,52
SamanthaCastro,26
SofiaRuiz,37
BrunoMoreno,51
FlorenciaAlvarado,52
NicoleSanMartin,7
CristobalHerrera,49
JuliaHerrera,2
AlondraContreras,12
SophieHernandez,64
ValeriaFlores,92
MartinaGonzalez,10
GabrielParedes,59
MiaBustos,78
SofiaGonzalez,31
VictoriaSepulveda,92
BarbaraLee,79
RominaCardenas,35
MariaParedes,93
SantiagoToro,57
FranciscoAravena,49
JamesBravo,64
CharlesNavarro,49
IkerCortes,98
LindaReyes,94
ReginaBustamante,15
OliviaVergara,7
MariaSepulveda,97
AliceParra,62
ReginaVargas,91
MariaJoseCastillo,12
GabrielaAguilera,54
MarianaSmith,81
MargaretContreras,17
PedroSanhueza,24
LuzCampos,56
DiegoSmith,68
KamilaOrellana,90
FranciscoGomez,10
MariaJoseSaez,87
ValeriaPalma,61
DanielSandoval,8
LilyMartin,73
EmilySaavedra,1
SantinoSanchez,20
SantinoLeiva,73
ChloeVargas,79
ElizabethRivera,66
LuzVera,1
FranciscoWong,28
JenniferCastro,54
AlondraVidal,2
JuanAndresMaldonado,60
LauraMolina,80
DiegoAlejandroSaez,37
AndresFelipePerez,88
MiaCortes,66
DylanFarias,44
MarianaLeiva,92
ArianaMoreno,29
AlexandraParra,20
EmiliaAraya,31
DanielPino,40
CarlosTaylor,25
AntonellaCardenas,19
JoseVergara,62
ValentinaSanhueza,27
RobertParedes,31
SaraThompson,27
JoseAravena,42
DiegoAlejandroWong,19
ZoeCardenas,28
JoseMolina,54
JuanSalinas,43
FernandaPizarro,15
LilyGarcia,15
TomasVera,44
BernardoMedina,64
RobertReyes,96
DanielDiaz,32
BeatrizBustos,72
RodrigoSalazar,28
RobertValdes,73
LauraSilva,42
FlorenciaAguilera,74
JoseSanhueza,43
JamesOrtiz,34
EmmaTaylor,14
AntonellaNavarro,92
ValentinaGomez,25
MaiteRamirez,57
CharlesPoblete,77
DanielAlejandroMartinez,4
CarlosFuentes,26
CatalinaGallardo,84
JenniferMartin,37
JuliaReyes,2
LuciaPalma,17
LuzJimenez,95
AmandaValenzuela,74
HaleyNavarrete,8
LauraParra,95
EmmaVera,81
AmandaRiquelme,54
CamilaRojas,56
MaximilianoLopez,7
LautaroMorales,13
AnaPaulaSmith,28
JohnNavarro,33
LeonardoGomez,70
TomasValenzuela,72
BrunoDonoso,18
IanGarcia,68
AlmaMiranda,4
LuzGonzalez,81
FlorenciaBrown,65
MargaretBrown,26
DanielAlejandroGuzman,39
AlexandraPerez,67
AlexanderOlivares,9
LauraAlarcon,91
SaraSaavedra,73
AlejandroAlvarado,88
RichardPino,60
EmmaBrown,78
JohnContreras,45
AlmaLopez,74
BernardoWong,55
GabrielJara,32
SofiaDonoso,57
SantiagoAlvarado,40
MatiasCastro,38
IanTorres,5
MatiasEscobar,16
IanMartinez,77
AndreaMorales,92
AngelThompson,5
HaleyRojas,14
IsidoraMoreno,37
AlondraValenzuela,21
DanielAlejandroPizarro,59
EmmaBustamante,20
CatalinaOrtiz,93
EmilyRomero,93
MargaretHernandez,8
FelipeSanchez,48
HaleyVera,77
DanielaAlvarez,80
SofiaHerrera,73
AgustinaFlores,54
CamilaGutierrez,11
BeatrizVidal,91
JoseGutierrez,63
SamuelCaceres,81
AlondraGomez,69
EmilyTaylor,58
ChloeRojas,24
CamilaTorres,94
JuanJoseMartinez,84
JuanDavidBustamante,55
CharlesPerez,69
LuciaTapia,12
JamesSilva,36
ArianaCastro,58
AdrianGomez,20
JosephLee,55
WilliamPatel,95
FlorenciaRuiz,100
BenjaminRomero,84
DiegoAlejandroLee,74
MichaelPoblete,38
BarbaraRamirez,9
WilliamLagos,92
ArianaHenriquez,80
GabrielaMartinez,44
PedroVenegas,9
MarySanchez,100
AndresFelipeTorres,51
JoaquinVasquez,51
PatriciaPatel,88
MarianaDiaz,79
BeatrizSanhueza,70
MateoRiquelme,70
PedroOrellana,15
DanielAlejandroOrtiz,90
LuzWilson,35
ValentinaGonzalez,71
MaryParedes,96
FlorenciaOrellana,57
JuanDavidGuzman,8
GiovannaLagos,16
HannahRodriguez,37
LucianaSepulveda,83
BarbaraParedes,98
MichaelParedes,17
DiegoCampbell,3
LucianaFuentes,16
TomasDiaz,98
GiovannaEscobar,39
IsabellaFigueroa,33
MariaAlvarez,37
LautaroPerez,78
AlondraEspinoza,56
RichardTaylor,36
VicenteMiranda,16
IsidoraFuentes,100
ReginaGodoy,26
AntonellaTapia,100
JohnLee,15
RodrigoGarcia,41
PatriciaGomez,39
LautaroWong,38
AndreaCastillo,56
WilliamOrtiz,81
SebastianGodoy,65
LauraCarrasco,24
GabrielaJimenez,32
GabrielCastillo,77
AlejandroPerez,6
SophiaMartinez,17
LuzAraya,32
JoseNavarrete,45
PatriciaAraya,55
RichardOrellana,24
MargaretLee,28
SamanthaEspinoza,41
CarlosFlores,25
VictoriaToro,38
MichaelCampos,96
AndreaSanchez,76
AdrianValdes,11
RenataPizarro,15
LauraJimenez,16
PatriciaMaldonado,74
LuisSmith,76
AnaPaulaBrown,68
BrunoGuzman,44
MarianaVargas,90
FelipeSandoval,14
SantinoOlivares,94
AdrianMorales,17
FelipeDiaz,35
RichardSalazar,44
GabrielMedina,42
JuanDavidParra,84
EmiliaGarcia,4
MatiasHenriquez,84
FernandaGallardo,96
ValentinaSanchez,54
JoaquinRojas,71
JoseCampos,13
DiegoFernandez,1
AliceFigueroa,69
LindaMiranda,21
SantinoGomez,71
BernardoRodriguez,12
SantinoSandoval,88
RenataSanchez,4
IanGutierrez,69
JesusSandoval,8
FranciscoAlarcon,53
HannahHernandez,26
TomasLagos,63
BarbaraValenzuela,73
DanielaBustos,68
SophiaSandoval,73
AdrianOrtega,46
KamilaMartin,33
AlondraGarrido,71
DanielaAravena,3
SaraSalinas,90
ValeriaVidal,35
XimenaLeiva,99
HannahFuentes,97
DiegoHenriquez,38
MatiasVidal,88
EmmaGarrido,74
SantiagoCaceres,16
DavidSoto,73
GabrielaReyes,23
MateoOrtega,30
JesusVargas,57
MilagrosWong,19
LautaroSanchez,17
HaleyRuiz,6
LautaroRuiz,98
DiegoAlejandroLeiva,68
GiovannaGodoy,33
NicolasTaylor,75
SamanthaFernandez,37
MartinaRojas,15
ZoeLeiva,70
AdrianPalma,90
EmiliaTapia,69
JuliaMaldonado,23
EmmaMoreno,34
BarbaraPalma,49
DanielVidal,11
FelipeRamirez,97
JuanJoseFlores,1
AlejandroMartinez,3
ValeriaSandoval,36
EmilianoToro,82
VictoriaSanchez,46
LeonardoLee,22
PedroPizarro,19
JuanDavidMartinez,61
GabrielJones,85
BenjaminThompson,96
CristobalNavarrete,58
NicoleValenzuela,16
BrunoFarias,54
MiaRodriguez,67
RominaRomero,48
JacobDonoso,17
AdrianSanhueza,22
ThomasSaez,80
AngelLee,96
JamesCardenas,28
AmandaDiaz,94
JoseGomez,11
PedroGodoy,57
RominaToro,82
SamuelSaez,63
MaryGarcia,78
MatiasMorales,24
GabrielaRojas,90
JohnWilson,12
MateoEscobar,18
MaiteGarcia,62
SantinoSoto,75
PatriciaVergara,36
GabrielaSanchez,61
WilliamLeiva,25
LauraPerez,25
AgustinaLopez,43
AlexanderParra,1
CristobalFigueroa,68
ValeriaPizarro,52
OliviaGodoy,53
AlexanderNavarro,34
RobertSoto,76
GabrielaPoblete,81
MaryPatel,90
SantiagoCampbell,3
ArianaGomez,89
SamanthaOlivares,34
FranciscoTapia,84
BernardoHenriquez,24
AndresFelipePatel,91
LuciaGuerrero,31
MilagrosMartinez,58
DanielGomez,55
NicoleToro,6
AdrianMoreno,9
JamesToro,63
ThomasMiranda,38
HannahRuiz,17
IanFuentes,18
RenataCarrasco,36
OliviaWong,32
SamuelVidal,97
JacobTaylor,79
LucasHernandez,39
BernardoAravena,57
SophiaOlivares,26
EmiliaVenegas,61
MariaRodriguez,48
JacobCarvajal,97
JacobPatel,23
DiegoMiranda,59
AlejandroSalazar,79
MaryThompson,72
MiguelSalazar,70
EmiliaValdes,99
ChloeCampos,16
AmandaGarcia,30
JuanSandoval,28
AngelNavarro,9
RenataPino,48
NicoleFlores,1
SantiagoAguilera,13
AndresFelipeThompson,19
MargaretAlarcon,88
AngelPalma,73
FranciscoVergara,33
RominaAlarcon,84
LuzAguilera,62
MariaJoseNavarro,43
SamuelNavarrete,74
GabrielaVasquez,55
RobertBravo,89
AgustinGutierrez,68
SamuelCampos,94
JoaquinRamirez,28
MaximilianoVega,53
JuanJoseParra,43
AlexandraHerrera,91
AliceOrellana,40
MiaNavarro,7
WilliamCastillo,66
JosephWilliams,90
VicenteNavarrete,22
AmandaTaylor,79
LeonardoReyes,79
MariaJoseSanhueza,26
MichaelTaylor,53
KamilaVargas,36
HaleyParra,66
MaryWilson,94
AvaCastillo,22
DavidMartin,70
AngelVidal,12
DavidSilva,65
ChloeVega,65
LuzAlvarez,45
AmandaJara,50
AdrianAraya,14
LuisPerez,79
MaiteTaylor,8
JamesRuiz,24
JosephTorres,94
AliceJara,83
SophieOrtega,23
MargaretHenriquez,79
ArianaVargas,71
AlexanderBravo,97
JuanDavidMolina,92
DylanGodoy,76
EmilyJimenez,10
JuanJosePizarro,44
DiegoAlejandroGarcia,71
LilyCaceres,1
AmandaMartinez,99
LeonardoMedina,14
CarlosToro,35
BenjaminHenriquez,30
CarlosCastillo,84
LucianaAravena,69
MartinaLeiva,69
AndresFelipeDiaz,51
MaximilianoMartinez,76
AlexandraWilson,3
GabrielParra,14
VicenteCardenas,24
AntonellaBrown,24
AngelGallardo,63
LucianaRomero,53
FernandaPino,15
OliviaOrellana,65
ValentinaRamirez,69
MichaelAlvarez,16
LucasAraya,34
IkerSanhueza,58
MariaJoseSanchez,92
LindaRojas,31
EmiliaValenzuela,46
LindaRiquelme,39
EmiliaThompson,82
BeatrizCampos,74
SophiaTapia,85
ElizabethJones,45
AngelMartin,42
AngelGomez,66
RobertSalazar,2
GabrielRiquelme,24
EmmaCampbell,22
SusanVenegas,84
RominaCaceres,47
SusanLopez,82
AndreaFarias,28
SophiaRomero,94
ElizabethCampbell,14
ChloeCardenas,30
AlejandroValdes,46
AvaRodriguez,45
AngelSanMartin,48
GiovannaLee,85
ZoeOlivares,42
LindaPizarro,70
RenataValdes,56
DanielAravena,55
SamanthaOrtega,62
JuanJoseContreras,57
JuanBustamante,2
HannahHerrera,42
FernandaTaylor,83
GabrielaCarvajal,73
RominaLagos,22
SantinoThompson,92
SofiaAlvarez,19
FernandaRodriguez,52
ThomasFlores,70
HannahGuerrero,60
AlmaRodriguez,77
SaraLeiva,50
MichaelMartinez,17
AlexanderOrtiz,32
SamanthaGonzalez,1
LautaroEspinoza,66
ZoeGonzalez,59
AlondraMedina,56
DiegoVasquez,48
AndreaMaldonado,48
MatiasSilva,76
AndresFelipeRojas,2
RenataDiaz,77
CatalinaThompson,83
ValeriaSanchez,91
SamanthaGuerrero,6
SebastianMartin,51
PatriciaTorres,23
LuzGuzman,60
SophiaAlvarez,32
AgustinFigueroa,39
SofiaGallardo,92
MaryFlores,60
RominaNavarrete,78
NicolasCastillo,29
NicoleVergara,98
MilagrosGonzalez,91
AliceCampbell,3
OliviaCardenas,38
AntonellaAraya,79
DavidFarias,89
PatriciaCardenas,78
SebastianParra,14
LuzBustos,95
LuisFuentes,97
VictoriaEscobar,84
PedroRamirez,84
SusanRivera,88
DanielAlejandroVenegas,52
SophiaPatel,79
JamesCampos,60
JuanDavidPino,31
AlmaVergara,86
BeatrizAlvarado,54
DavidAraya,87
AliceLopez,63
JoaquinJimenez,31
BrunoSmith,38
NicoleCastillo,99
MaiteVenegas,21
EmilianoVergara,10
NicolasMartin,16
BeatrizNavarro,55
ArianaMaldonado,48
PatriciaSanchez,26
LauraAlvarez,96
LilyAlvarez,29
CatalinaPatel,96
CatalinaDonoso,92
MaiteWilson,32
FernandaSaavedra,18
DiegoCastro,15
HaleyToro,95
MariaEscobar,50
MarianaSalazar,34
AvaMedina,30
FernandaSaez,61
RominaMoreno,29
WilliamOrtega,31
TomasJones,82
DavidPalma,34
MilagrosBrown,98
JohnCampos,25
AmandaVera,23
NicolasJara,67
LautaroParedes,39
MariaFernandez,17
DavidPoblete,76
MichaelCortes,49
AlmaSanMartin,68
WilliamGallardo,100
MichaelVasquez,17
IanCastillo,46
MaximilianoRodriguez,44
MatiasMedina,11
EmilyLopez,20
MaryWong,67
ReginaPino,21
AdrianOrtiz,85
JenniferLagos,40
DiegoHernandez,68
MiguelCastro,56
FlorenciaNavarrete,19
AlexandraMolina,18
LautaroSalazar,51
IsidoraEspinoza,82
RenataSaez,29
MariaJoseRomero,5
DavidOlivares,56
DiegoAlejandroAraya,48
NicoleLagos,37
CarlosVera,88
EmilyThompson,46
ReginaCarrasco,17
BarbaraSanMartin,22
DylanSaez,75
BernardoWilson,24
ValeriaMiranda,71
HannahOrtiz,73
AlexandraSaez,10
JuanDavidRojas,97
LauraReyes,81
ChloeVera,16
RominaGarcia,76
IsabellaAlarcon,12
JoaquinSandoval,50
LuciaCardenas,45
DiegoTapia,90
IsabellaHenriquez,39
NicoleVasquez,28
RodrigoMaldonado,59
IanDiaz,84
ValeriaAguilera,24
ValeriaRamirez,28
AlexanderPizarro,64
MariaJoseLeiva,79
FranciscoGutierrez,3
LuisVasquez,21
FlorenciaGonzalez,8
ManuelaSmith,51
AliceAlarcon,88
MilagrosWilliams,11
LuciaHenriquez,24
AlondraOrtiz,28
ArthurSmith,100
FernandaHernandez,82
XimenaCardenas,38
AmandaCaceres,9
ManuelaJara,66
AdrianRiquelme,70
EmiliaVera,84
MicaelaVargas,80
TomasVega,21
EmilianoBrown,42
MaximilianoDonoso,47
IsidoraRamirez,85
CharlesMoreno,43
DylanPino,99
MichaelFarias,18
AlmaSmith,69
SofiaGarcia,60
ChloePatel,9
MicaelaPerez,54
AlondraFuentes,34
JosephGomez,72
ValentinaBrown,57
ArthurRojas,11
LeonardoOrellana,35
EmmaGutierrez,61
MicaelaMaldonado,35
JuanHernandez,23
ArthurVidal,41
LuciaEspinoza,25
JacobToro,81
XimenaNavarro,18
SofiaGutierrez,46
EmiliaMorales,1
VicenteMolina,29
ElizabethPoblete,37
LauraHernandez,55
DavidValenzuela,35
VicenteSandoval,20
MiaRivera,48
AvaCarvajal,16
RafaelOrellana,4
JoseHenriquez,95
DanielaPoblete,96
AlondraCastro,34
SofiaSandoval,25
GabrielCardenas,95
JuliaMartinez,59
ZoeNavarrete,50
AvaValenzuela,93
DanielPatel,77
DanielAlejandroCastillo,85
SamuelParra,98
LindaGuzman,75
MaximilianoFuentes,99
ManuelaSepulveda,9
MichaelOlivares,91
ValeriaThompson,38
VicenteGomez,18
AmandaGonzalez,17
MilagrosLee,50
JuanJoseGonzalez,35
MiaCardenas,12
HannahGarrido,79
JenniferCardenas,47
AgustinPalma,15
LucianaRodriguez,4
GabrielGuerrero,44
BeatrizParedes,4
BeatrizSoto,3
ArianaMartin,57
BenjaminFuentes,19
MiaPalma,82
XimenaBustos,10
CarlosSanMartin,3
ChloeVergara,50
FernandaHerrera,45
ManuelaLagos,9
SantiagoAraya,99
DanielaValenzuela,2
JuanFlores,8
LucianaMiranda,33
HannahRomero,94
GabrielaRiquelme,14
AlexanderGallardo,20
LuzCardenas,59
ValeriaWilson,38
RichardMorales,73
MartinaSoto,30
SantiagoRodriguez,56
EmmaSaez,21
AnaPaulaPerez,44
NicolasVenegas,64
CatalinaNavarro,14
EmiliaRamirez,35
MaximilianoRojas,62
JuanAndresCastro,76
IkerSmith,72
ReginaLeiva,27
SebastianSanchez,61
JohnOrtega,69
BeatrizEscobar,80
AdrianContreras,3
MatiasRodriguez,9
ArthurLopez,32
AliceHerrera,24
ZoeHenriquez,41
LucasMedina,34
KamilaGonzalez,78
EmilianoBravo,32
CristobalSepulveda,67
AndresFelipeVera,72
JuanJimenez,27
WilliamParra,36
SamanthaReyes,44
VictoriaOrellana,67
LucasNavarro,45
JamesCarvajal,35
SofiaPalma,60
ThomasMorales,15
ElizabethGuzman,53
JuanDavidSepulveda,95
NicoleNavarrete,76
JesusCastro,83
HannahSmith,85
ElizabethCortes,10
MateoCardenas,92
MartinRamirez,75
JuanJara,100
SamuelEspinoza,100
DavidFlores,74
KamilaJones,33
ManuelaOlivares,64
LucianaSaez,37
ManuelaGodoy,42
AlondraRivera,29
XimenaGodoy,81
IkerTaylor,44
SantinoAlarcon,75
LilySoto,99
JacobCastro,86
VicenteGutierrez,48
SusanMaldonado,20
MartinRojas,1
JenniferValenzuela,60
EmilianoGutierrez,87
CristobalPalma,6
GiovannaGuerrero,47
JuanJoseGarrido,92
JosephBravo,100
EmmaToro,21
MilagrosValenzuela,28
JamesWong,39
XimenaMiranda,45
LuciaWilson,98
JuanCarrasco,2
LilyThompson,2
MicaelaAguilera,14
OliviaSalazar,20
NicoleHenriquez,73
CharlesEspinoza,86
JesusBrown,19
JenniferTaylor,74
ValentinaValdes,83
SantiagoRojas,54
BernardoGuerrero,67
JosephPizarro,83
MaryRivera,35
IsidoraSanMartin,57
MilagrosSalinas,87
AndreaCortes,49
CharlesCortes,43
JuliaBrown,73
ReginaTorres,15
ArianaSmith,24
ThomasWilliams,38
MateoOlivares,97
ThomasParedes,93
WilliamMiranda,63
AdrianGuzman,98
SamuelBustos,90
IanPizarro,36
GiovannaHernandez,16
LucianaSoto,49
JuanAndresJimenez,83
LeonardoFigueroa,95
BrunoWong,35
ValeriaMolina,96
MariaJones,59
BernardoValdes,96
BernardoGarcia,41
SofiaPoblete,63
EmmaRomero,94
JohnRamirez,22
AlexandraEspinoza,92
AvaValdes,22
SantinoVergara,33
MateoVera,75
MatiasContreras,4
MiaPatel,41
IkerGarcia,19
SusanJimenez,98
MiguelRomero,10
FernandaMaldonado,44
AgustinFuentes,76
JoseGodoy,40
RominaSepulveda,54
DanielAlejandroContreras,33
AlondraNavarro,34
MilagrosSepulveda,60
DiegoAlejandroValdes,73
TomasFigueroa,63
MaximilianoSanchez,6
IanGallardo,62
AngelCastro,2
JamesThompson,100
RodrigoNavarrete,18
CatalinaCaceres,52
AvaDiaz,40
JacobCaceres,76
RenataLopez,33
SophiaNavarro,36
CarlosHerrera,36
BarbaraVasquez,68
MariaJoseOrellana,8
CristobalCampbell,28
MichaelAguilera,75
ElizabethMolina,1
JosephToro,59
GabrielVasquez,33
LilyVidal,91
MateoRamirez,73
AliceMartinez,80
JacobPoblete,26
WilliamSilva,62
RodrigoCampos,32
HaleyLeiva,87
LilyGodoy,71
AmandaGutierrez,89
ReginaFigueroa,75
CatalinaEscobar,41
JenniferHenriquez,29
AngelMartinez,89
JamesSaavedra,57
LilyBrown,13
RenataLeiva,18
MichaelOrtega,14
AlexandraLeiva,99
NicoleGuerrero,77
DanielaPizarro,5
AliceBustamante,28
BenjaminGarcia,99
CristobalHenriquez,55
DanielaSepulveda,11
JoseRiquelme,95
EmilyAlvarez,16
SebastianEspinoza,55
GiovannaPatel,26
AvaMolina,100
AvaRivera,67
BenjaminTapia,79
LucasTapia,23
SusanMoreno,96
RominaDiaz,95
MaryContreras,17
RobertGallardo,23
CarlosGuerrero,46
ValentinaWilson,41
SamuelMiranda,11
LuisMartinez,82
AmandaJones,76
DavidOrellana,32
BarbaraReyes,28
MaximilianoContreras,7
HannahSoto,46
OliviaSepulveda,63
RafaelFernandez,16
MiguelSanchez,77
RodrigoVergara,85
FlorenciaCastro,18
CarlosSaez,71
SaraVidal,28
MicaelaFuentes,69
MateoAravena,35
VicenteReyes,27
SophiaToro,3
MargaretFigueroa,57
MichaelVega,60
AlexandraCastillo,22
MaiteRojas,93
JuanDavidCarvajal,47
BarbaraSanchez,71
JoaquinWong,2
AgustinValenzuela,48
SophieDiaz,100
JesusGarcia,77
SamanthaSanchez,95
SophiaEscobar,5
NicolasSilva,82
MartinGarcia,17
NicolasGodoy,77
DanielAlejandroGallardo,34
EmilyVergara,73
MichaelBustamante,2
MaximilianoHenriquez,12
DavidCardenas,60
JesusThompson,81
NicoleRomero,18
SamuelLopez,92
LilyVega,72
RichardValdes,30
MiaAlarcon,69
MaximilianoRomero,68
MiguelSanMartin,3
HannahCarvajal,65
HannahToro,44
BenjaminParedes,34
AmandaWilson,9
SusanCaceres,75
BeatrizJones,73
KamilaValdes,77
JuanJoseAlvarado,65
DanielAlejandroBustos,41
AlejandroSepulveda,86
AliceContreras,18
AmandaParedes,36
CamilaJimenez,66
SofiaMoreno,50
DanielAlejandroMolina,45
JuanDavidVasquez,33
JoseVega,26
AlexandraCarvajal,58
CatalinaAravena,3
LautaroVega,3
WilliamSaavedra,35
JacobGarcia,8
LucasGarrido,14
RafaelSmith,22
GabrielaSilva,49
BenjaminOrtiz,65
ElizabethOrtiz,93
IkerBravo,54
TomasFarias,61
ZoeCampos,1
PedroThompson,8
JesusMartinez,92
GabrielHenriquez,97
LautaroTaylor,12
LucianaMoreno,14
AvaSaavedra,99
LauraWong,53
BeatrizAravena,78
SofiaCastro,100
MatiasFernandez,13
JosephGodoy,84
VicenteGarrido,80
VicenteToro,60
JuanJoseBrown,14
MariaSandoval,56
AlexanderRivera,88
ChloePalma,24
RenataRiquelme,3
RafaelToro,28
JuliaSandoval,82
ElizabethMoreno,46
JuanDavidHernandez,93
SantiagoRiquelme,53
NicolePerez,11
OliviaHenriquez,40
ManuelaEspinoza,64
JacobPerez,35
RobertRomero,93
MiaGuerrero,32
AlexanderAlvarez,32
MartinaRodriguez,53
EmilianoAlarcon,89
MaryMedina,60
SusanPizarro,35
EmiliaCastillo,38
AlexandraAlvarado,29
SaraValdes,93
MiguelMartinez,52
RafaelGonzalez,93
LilyContreras,27
JuliaSanchez,2
AgustinMiranda,83
IanSalinas,34
AlexanderDiaz,13
EmilySanhueza,56
JenniferOrtiz,36
ArthurGarcia,92
LuzOlivares,12
MaryCaceres,68
AlejandroPalma,32
RafaelFuentes,47
AgustinContreras,63
MartinVasquez,32
CamilaLee,14
MaximilianoSepulveda,44
KamilaAguilera,20
MariaSilva,27
SantinoRomero,90
DiegoAlejandroJara,53
MicaelaOrtiz,100
AvaTaylor,16
SophieMedina,27
SusanSanMartin,59
FranciscoLopez,24
LindaSanchez,64
AdrianParra,14
MartinSandoval,70
SophieRodriguez,66
WilliamBustamante,87
ElizabethSandoval,34
BernardoCastro,89
JamesPerez,6
IanAlvarez,7
MariaRiquelme,12
LucasBravo,61
AvaGonzalez,9
TomasLeiva,25
JuliaOrtiz,100
BeatrizToro,72
MargaretCortes,69
ManuelaSaez,71
MicaelaVega,19
JamesMedina,40
MiaHenriquez,11
CharlesDonoso,67
ArthurEscobar,64
JenniferCastillo,13
FernandaSmith,88
MateoVidal,42
JenniferRojas,23
BarbaraVega,89
AnaPaulaLagos,84
LuisDonoso,48
RenataWilliams,74
BarbaraGarrido,45
FernandaMiranda,35
OliviaGomez,2
MicaelaRiquelme,90
ElizabethRamirez,29
NicolasTapia,89
MarianaPino,19
IanGuzman,95
DiegoDiaz,83
EmiliaMolina,97
VictoriaOlivares,4
ThomasEspinoza,25
HaleyThompson,66
AvaWilliams,2
LuciaOrtiz,85
BrunoOlivares,98
BarbaraHerrera,11
EmilyLeiva,59
ArianaMolina,31
SamuelBrown,56
KamilaSaavedra,99
NicolasMaldonado,89
BrunoSandoval,20
RodrigoPizarro,17
EmmaFarias,40
BeatrizCastro,19
LilyLagos,37
SusanMorales,53
JuanDavidAraya,75
CharlesValdes,43
SofiaThompson,61
HannahTapia,26
OliviaGonzalez,83
FlorenciaSanMartin,64
NicolasLopez,71
JenniferGomez,70
IkerFlores,57
OliviaCortes,18
RenataPoblete,85
AngelJimenez,41
RodrigoMolina,27
WilliamVega,13
JacobOrellana,2
KamilaBustos,39
AlondraVargas,11
MargaretPoblete,73
LindaSepulveda,37
ThomasSanchez,89
DanielAlejandroLeiva,57
CristobalAlvarez,69
TomasToro,72
DiegoAlejandroSmith,63
GabrielSanhueza,91
SophiaPoblete,9
MariaOrtega,34
IkerEspinoza,5
LauraDiaz,2
LindaRamirez,37
PatriciaPoblete,50
MargaretJones,35
XimenaRojas,95
LucasSalinas,91
MariaAraya,78
MiaRuiz,33
IsidoraMartin,19
EmiliaSandoval,89
DiegoAlejandroThompson,57
LindaVargas,28
MatiasRiquelme,65
TomasTaylor,66
SusanRomero,17
AgustinaVera,92
DavidValdes,33
BrunoTorres,40
JosephSaavedra,79
ArthurTaylor,64
AngelLopez,67
ValeriaTorres,97
EmilyRivera,33
EmiliaCarvajal,72
FelipeVera,78
AgustinRodriguez,71
NicoleMorales,17
MarianaPoblete,41
SantinoLopez,65
DanielAlejandroSalazar,17
EmilianoFuentes,5
DiegoOrtega,88
CatalinaRivera,78
LucianaFigueroa,67
AngelCaceres,50
MarySalazar,28
AngelSoto,44
EmilyEscobar,62
ValeriaRodriguez,7
SantinoParedes,80
SaraFarias,85
MartinaGutierrez,54
MarianaRuiz,27
VictoriaPoblete,79
JuanAndresSanMartin,86
JuanDavidSalazar,7
OliviaBrown,64
AlmaSalinas,98
CatalinaLagos,79
SaraSepulveda,68
MicaelaParedes,4
SophiaSalazar,29
SaraVergara,3
CamilaSaez,97
RobertVega,16
MicaelaHernandez,17
CamilaSepulveda,75
LuisRuiz,34
HannahVasquez,21
MartinaMolina,83
AlondraVergara,80
LindaPatel,32
IanPerez,69
AlexandraLopez,1
MiguelRodriguez,35
AntonellaRojas,5
WilliamTapia,67
IkerSaez,11
RichardContreras,31
SophieGuzman,41
MilagrosContreras,67
GiovannaToro,81
SebastianMaldonado,50
AngelVera,60
AlejandroSmith,39
AmandaSalinas,8
SusanVega,68
ManuelaMorales,79
ReginaEspinoza,5
AgustinVera,81
VictoriaGuzman,20
MilagrosAlarcon,87
JohnGallardo,10
FelipeDonoso,35
JuanMartin,31
CatalinaMartin,6
IanHenriquez,59
HaleyJones,31
RodrigoVega,3
MichaelCastro,52
AvaGuerrero,5
JacobGuzman,49
JacobOlivares,11
MarianaGuzman,77
DanielAlejandroSepulveda,41
SantinoValdes,40
ManuelaGallardo,68
LucasGuerrero,10
LuisBustos,74
JuanDavidEscobar,69
SamanthaCarrasco,7
DanielVargas,38
JacobLagos,49
EmmaHenriquez,97
RominaMolina,78
DanielMoreno,65
FelipeParra,15
MiguelSilva,76
JesusJones,76
MartinPino,11
CamilaCaceres,57
MariaLeiva,3
JenniferCarrasco,99
LuciaGarrido,13
ArthurSaavedra,36
BernardoHernandez,21
BenjaminRuiz,60
VictoriaMoreno,11
VicenteBustos,97
LautaroGutierrez,84
AliceDiaz,38
JoseGarcia,5
BernardoPizarro,40
VictoriaMartinez,15
GabrielThompson,44
FranciscoMorales,22
SaraFlores,55
AlexandraSmith,92
MaximilianoCampbell,1
ReginaMedina,77
IsidoraSilva,93
NicoleGallardo,87
RichardLeiva,58
FelipeAlvarado,76
XimenaVasquez,89
MiaPizarro,34
PedroHerrera,48
DylanDiaz,74
AmandaContreras,58
LilyHerrera,100
BernardoCarvajal,5
FernandaVidal,65
ManuelaCampos,29
AgustinBustos,97
ArthurGodoy,99
LautaroValdes,52
SophiaCampbell,13
NicoleRuiz,30
DylanMartinez,41
JoseCarrasco,61
ValentinaAguilera,82
RobertCampbell,80
DiegoFuentes,71
AgustinPoblete,50
ChloeSaez,51
EmilyFigueroa,23
AlexandraRodriguez,75
MiguelDonoso,17
LucianaVasquez,20
RobertMolina,12
PatriciaVenegas,12
SophiaBustamante,99
BrunoLeiva,19
AndresFelipeFarias,71
ArthurLagos,33
BeatrizRodriguez,24
JamesParedes,38
MariaVergara,38
ElizabethSoto,24
SofiaCardenas,52
XimenaJimenez,92
JuanAndresRojas,21
VictoriaSanMartin,62
JuanJoseAraya,60
ReginaOrtega,74
FernandaSanhueza,99
AnaPaulaFlores,25
MicaelaSepulveda,67
LautaroOlivares,29
BenjaminVargas,73
OliviaAraya,97
CamilaDonoso,75
LucianaGarrido,14
HannahSaavedra,90
IsidoraHernandez,37
SophieAguilera,47
BernardoSaez,36
IanEscobar,54
MariaWilliams,87
AlexanderPerez,23
MatiasVergara,82
AgustinaParedes,61
MichaelFlores,98
CarlosVergara,30
RenataGomez,18
GabrielaSandoval,68
SantiagoOrtiz,57
SophieCarrasco,67
IsabellaParra,62
AlexanderSalazar,84
RenataCampos,67
LucianaOrellana,94
PatriciaJimenez,13
JacobCampos,69
DanielGonzalez,9
MariaSmith,21
BeatrizValenzuela,76
MaximilianoPoblete,2
BrunoAraya,81
MartinCaceres,76
AnaPaulaMaldonado,90
JesusPoblete,9
PatriciaFernandez,26
SaraSilva,67
OliviaRuiz,97
BenjaminGallardo,34
DavidToro,74
DanielaParedes,14
MichaelSalazar,95
ValeriaEspinoza,11
MiaTapia,34
MartinaPerez,21
CamilaVenegas,68
CamilaBrown,51
MartinaSanMartin,85
MaximilianoWilson,59
JacobContreras,73
AndreaEspinoza,38
ValentinaFernandez,29
BrunoMorales,72
MariaJoseNavarrete,77
JoaquinCortes,7
RominaBustos,91
AgustinaAlarcon,94
JesusSalazar,25
HannahMolina,13
CharlesBravo,62
ManuelaLee,96
BernardoTapia,28
SantinoParra,6
SophieAlvarado,20
BenjaminCardenas,41
ValeriaParedes,60
CatalinaJones,57
AgustinaWong,53
NicoleLee,81
AlexandraVenegas,43
IsidoraSoto,99
ArianaVasquez,100
AlondraParedes,83
SamanthaHenriquez,24
MichaelSmith,6
AmandaHenriquez,53
MaiteFernandez,88
VictoriaGuerrero,80
CatalinaSanhueza,7
SamanthaSalazar,22
LilyPerez,70
JoseSanchez,19
JoseMiranda,10
LuciaSalazar,70
VicenteGuzman,87
JamesTaylor,68
JohnMartinez,52
ValentinaVenegas,32
MiguelGuzman,49
MatiasGallardo,29
MateoVergara,32
MarianaOrtiz,36
SofiaSanhueza,3
DavidBravo,97
AndreaSanMartin,59
AdrianPerez,76
ArianaSanchez,12
XimenaThompson,4
MartinEscobar,37
AlmaGutierrez,75
MaiteVidal,35
FranciscoFernandez,57
MaryVega,33
HannahAlvarado,93
SantinoToro,84
SofiaLagos,93
LuciaSaez,38
LindaCampos,21
MatiasWilson,85
SofiaCampbell,93
HannahAguilera,25
LuciaWong,9
RichardParra,14
AlexanderReyes,28
BernardoFernandez,13
AndresFelipeEscobar,66
AlicePatel,24
LuciaFarias,67
ArianaVera,23
MargaretMiranda,32
JoaquinBustamante,18
AlmaVega,21
AlexanderTaylor,79
MartinaSanhueza,91
JuanAndresCampbell,81
LeonardoSaez,57
AgustinSoto,36
ElizabethVidal,6
EmilianoAraya,79
PatriciaThompson,4
MiguelOlivares,5
AliceGuzman,82
HannahMoreno,73
FlorenciaAlvarez,10
XimenaEscobar,98
JamesMoreno,98
FlorenciaGuzman,97
BenjaminCampbell,84
MaximilianoMartin,12
LindaRivera,96
MartinaVenegas,31
SamuelToro,56
GiovannaMiranda,62
LeonardoGonzalez,25
MicaelaEspinoza,51
AlmaBravo,31
SebastianCampbell,24
MariaSaavedra,66
AlexandraSalinas,17
BenjaminLeiva,54
PedroLopez,27
CamilaGarcia,48
GiovannaVasquez,15
ArthurJones,37
LeonardoRojas,81
SamuelWong,79
DiegoJimenez,53
GabrielaNavarrete,81
EmmaTapia,74
ChloeCarvajal,81
SebastianVega,80
AvaReyes,61
JacobRuiz,34
MaximilianoBustos,45
TomasGuzman,5
AlexanderGarcia,14
AliceThompson,66
JuanPalma,60
AlejandroCampbell,77
AliceAraya,55
JosephVergara,60
PatriciaPino,98
NicoleWong,54
JohnLagos,37
BeatrizGarrido,42
ElizabethJara,62
AgustinMolina,44
SamanthaDiaz,92
EmilyVidal,21
RominaVergara,6
DiegoAlejandroOrtega,5
MiguelEscobar,12
JamesFuentes,83
FlorenciaCampbell,29
HaleyRivera,68
ReginaGarrido,13
DanielaDiaz,70
MartinaRamirez,4
EmilianoGallardo,41
LilyCampos,22
JoaquinMaldonado,27
JosephJara,86
LuciaDonoso,89
SamuelTaylor,86
AdrianOlivares,78
JuliaValdes,51
AdrianCardenas,80
JuanJoseMiranda,35
ZoeMoreno,88
JuanParedes,24
JosePino,25
MateoSalazar,93
JamesRomero,77
MaryHerrera,15
ZoeNavarro,20
AdrianAlvarez,46
JuanWilson,38
CamilaGonzalez,90
JohnSaez,82
NicolasBustamante,75
CharlesLee,60
MartinaGuzman,70
MarianaSepulveda,66
ElizabethRodriguez,16
TomasGodoy,100
EmiliaGodoy,80
SebastianOrtiz,33
SusanWong,56
JuanValdes,31
ThomasPizarro,30
JohnToro,27
AlexanderThompson,32
JuliaVega,85
VictoriaDiaz,6
AgustinaThompson,14
KamilaCaceres,2
BernardoEspinoza,85
JuanDavidCastillo,27
RichardLopez,40
SophiaMiranda,95
JacobVargas,100
CarlosRamirez,87
CamilaFuentes,2
VicenteJones,65
MaiteGonzalez,76
JoaquinMartinez,19
ChloeJimenez,12
HaleyAguilera,50
EmiliaLopez,31
JenniferContreras,31
ZoeGutierrez,24
AntonellaMartin,84
AlexanderLopez,100
RominaParedes,58
MargaretVenegas,93
IsidoraVargas,58
MiguelCarvajal,98
LuisRojas,6
ValeriaLeiva,80
IsidoraFernandez,90
VictoriaVega,50
IkerAlvarado,62
BenjaminRodriguez,29
SamuelGarrido,25
SofiaSaavedra,88
RobertVasquez,90
GiovannaAlarcon,14
XimenaPerez,24
BrunoBustamante,94
MartinMolina,73
AlmaPatel,100
AlmaHenriquez,75
SusanPatel,89
ZoeWong,80
DylanPizarro,34
JacobMedina,48
HaleyGomez,62
BenjaminCarrasco,60
VicentePerez,48
AgustinaCastro,50
HaleyRomero,26
XimenaDonoso,70
JoseBrown,32
TomasPatel,59
MilagrosRiquelme,94
MariaJoseSoto,33
JuliaNavarro,2
ValentinaGarcia,43
FlorenciaCampos,60
ArthurPoblete,8
RichardMartinez,61
IsabellaSalazar,46
SaraPerez,32
MilagrosRuiz,94
DylanVega,33
SamanthaMolina,18
HaleyWilson,53
FernandaMartin,89
CarlosCarrasco,69
IsidoraOlivares,1
MartinaOrtiz,57
IsidoraPoblete,1
OliviaRamirez,14
BeatrizOrellana,25
AnaPaulaWilson,60
SophieAlarcon,100
PedroCastillo,87
DavidLagos,99
AvaBustamante,76
HaleyHernandez,3
AmandaSanchez,23
AngelFlores,32
VictoriaValenzuela,76
FernandaJara,40
SaraParra,47
RobertEspinoza,13
PedroRuiz,44
MiguelOrellana,69
KamilaOlivares,3
MicaelaBustamante,31
DanielNavarrete,47
MatiasValenzuela,12
DavidMorales,90
MichaelGomez,48
ElizabethCastro,11
SamanthaCaceres,63
ValentinaSoto,40
AnaPaulaPalma,19
LauraFuentes,36
MaiteHernandez,23
BrunoGarcia,70
JesusOrellana,91
JuliaLeiva,38
LeonardoRuiz,69
MariaCastro,72
DanielAlejandroBustamante,68
GabrielaBustamante,52
HaleyMoreno,13
JuanJoseSmith,54
DanielaVera,67
JoaquinWilliams,15
NicolasLeiva,6
HaleyMaldonado,97
AndreaThompson,2
RichardCastro,22
MartinCampos,18
HaleyAraya,94
LindaEspinoza,12
ElizabethGarcia,16
AndresFelipeOrellana,70
SusanAguilera,95
AlmaTorres,88
JenniferParra,90
ThomasFarias,92
AlondraSanhueza,20
AvaPerez,16
HannahLee,50
SantiagoTapia,43
RafaelPalma,60
ZoePalma,3
LucasAguilera,91
LuciaNavarrete,34
JosephNavarro,1
DiegoAlejandroCastillo,51
XimenaTorres,94
AlejandroGuzman,89
RenataHerrera,20
ArthurOrtega,62
JuanEspinoza,60
DylanWong,79
AlexanderJara,77
MartinSanchez,6
GabrielValenzuela,33
XimenaDiaz,91
CristobalCarrasco,27
DavidRojas,40
VictoriaFlores,9
JosephAravena,49
SaraGuerrero,90
PedroCortes,97
LuzTaylor,29
SantiagoAlarcon,34
MaximilianoCastro,83
JamesNavarrete,4
LilyVergara,91
OliviaVenegas,83
IsidoraHerrera,24
AnaPaulaTorres,7
CarlosAlarcon,11
SofiaNavarro,56
AnaPaulaThompson,3
DiegoAlejandroFarias,76
ZoeLagos,33
TomasReyes,11
JuanAndresVenegas,42
SantinoGarrido,33
BenjaminMaldonado,35
FranciscoJimenez,89
LauraPino,20
NicoleFigueroa,79
JuanDavidSandoval,90
AdrianJara,56
IsidoraCampbell,40
MateoSaavedra,5
SebastianBustos,91
AvaHerrera,85
JohnTorres,55
JesusSanhueza,10
JuanAndresCarvajal,89
AndreaTorres,34
BeatrizGomez,36
JuanJoseVega,44
RominaLeiva,80
ValeriaSaavedra,16
AlexanderCortes,55
BernardoSanhueza,82
IsabellaAlvarado,48
AlondraWong,76
JohnCortes,55
MarianaRamirez,64
RenataCastro,96
AlexandraSanMartin,52
DanielaHernandez,75
IsabellaJara,56
CamilaRivera,12
JuanDavidMiranda,83
MicaelaBrown,57
BrunoGodoy,45
ElizabethMartin,21
JoaquinSaavedra,7
JoaquinLopez,42
RominaGuerrero,11
MariaJoseBravo,93
ElizabethHenriquez,92
IsidoraGuerrero,1
AlejandroMolina,27
IanLopez,53
JosephBrown,56
AliceLeiva,41
IanSaavedra,76
SophiaLopez,82
LuisBravo,34
AlondraTorres,27
ValeriaFuentes,57
LucasNavarrete,94
AlmaSepulveda,42
IsabellaAlvarez,90
WilliamReyes,8
MargaretRojas,25
DanielGodoy,28
LeonardoCarrasco,11
VictoriaRamirez,84
ValeriaOrellana,88
MargaretMartin,29
AgustinMaldonado,14
EmiliaFlores,76
JosephFuentes,62
MiaCarvajal,30
GabrielaBravo,13
AdrianMartinez,58
LeonardoCortes,24
MaiteToro,9
AlmaCaceres,44
MariaValdes,51
SofiaCaceres,40
JamesHerrera,44
LuisAlvarez,28
RominaGuzman,95
BenjaminAraya,96
SamuelSoto,60
ValentinaMartin,1
EmilianoPalma,12
ValentinaToro,99
RafaelVasquez,36
VicenteGallardo,38
RominaPizarro,19
MariaPalma,79
TomasMoreno,68
SaraSoto,36
MarianaVidal,99
AgustinBrown,78
WilliamValdes,54
JuliaAravena,54
MilagrosMoreno,33
SamanthaGutierrez,88
SantinoRuiz,42
GabrielSanchez,34
MariaSanhueza,10
GabrielOrellana,99
MariaFigueroa,55
LauraRuiz,99
MariaRamirez,44
RodrigoSanhueza,77
MargaretSalinas,86
SamuelVasquez,16
DiegoGallardo,71
ArthurMartinez,13
EmilianoJones,50
BenjaminCarvajal,42
BernardoCarrasco,91
SofiaCampos,82
IsidoraCardenas,19
SusanSepulveda,75
JuliaPatel,22
SebastianLagos,7
MariaMedina,47
LuciaCaceres,89
NicolasPoblete,4
JosephOlivares,13
XimenaSanMartin,85
AvaRomero,74
LucianaAlvarez,100
CatalinaCardenas,90
TomasGonzalez,58
GabrielaFarias,89
JuliaContreras,75
RafaelCortes,6
MariaPatel,97
MartinaLopez,60
LuzRodriguez,23
SaraEspinoza,29
ArianaRamirez,84
JuliaCortes,55
MatiasLopez,15
SusanMedina,40
NicolasVidal,56
SamuelEscobar,40
ArianaValenzuela,51
SamuelJara,67
DiegoValdes,59
AlondraMolina,51
ElizabethLopez,7
SamanthaCastillo,62
NicolasSaavedra,11
MichaelSaavedra,95
AvaVergara,25
AndreaGuerrero,85
VictoriaMedina,92
MilagrosSaez,37
IanSalazar,45
JoaquinPatel,63
IsidoraBrown,88
ChloeThompson,76
AliceSanchez,13
CristobalAlarcon,23
VictoriaBrown,77
BeatrizRojas,83
MaximilianoWilliams,50
ElizabethAravena,19
AndreaRomero,90
MaximilianoSanhueza,100
SusanMartin,66
ArthurBustamante,76
MariaJoseVasquez,73
VicenteSaavedra,71
ZoeJimenez,17
SophieAravena,81
GiovannaBustamante,60
DanielAlejandroGarcia,83
ReginaAguilera,93
JamesFernandez,24
CatalinaHerrera,72
CatalinaRojas,19
MichaelWilson,43
AlondraOrtega,58
JoseJara,36
AlmaGuerrero,88
ZoeVidal,16
CamilaPino,71
RodrigoCortes,78
MariaOrellana,69
FranciscoLagos,58
RominaAraya,32
FernandaSanchez,24
ArthurTorres,63
FelipeLopez,64
AgustinaBrown,47
MartinRuiz,35
LautaroVasquez,73
KamilaAlvarado,7
DylanCaceres,10
GabrielPerez,41
MiguelHerrera,57
AlexanderMoreno,44
AndresFelipeHernandez,87
BenjaminAlarcon,72
PedroValdes,54
MicaelaVidal,15
MariaJoseTorres,74
LeonardoCampbell,99
MilagrosGutierrez,27
FelipeSanhueza,79
RichardVera,2
EmilianoValdes,96
ThomasCaceres,64
RodrigoBrown,17
ChloeMedina,22
NicolasContreras,19
AvaSaez,77
JosephJones,79
OliviaEspinoza,32
SebastianTorres,14
BarbaraPatel,52
BrunoAlvarez,17
AndreaPatel,9
JosephSanhueza,18
EmmaCarrasco,29
CharlesRivera,91
AdrianCastillo,6
JuanDavidValenzuela,82
MariaMolina,88
AlmaMolina,99
JuanJoseFarias,53
FelipePizarro,85
AnaPaulaRiquelme,50
LeonardoGarcia,25
GabrielSilva,43
EmiliaSepulveda,62
FlorenciaSilva,20
ZoeSilva,85
AlicePerez,59
EmilyCastillo,86
IsabellaSanchez,55
MilagrosBustos,39
IsabellaGomez,37
DiegoPoblete,49
SebastianRodriguez,11
AlicePalma,42
JosephSanMartin,99
EmilyMolina,15
AlmaRomero,97
AnaPaulaBustamante,8
GiovannaDiaz,62
JamesMolina,67
OliviaVega,1
LuzFlores,6
DylanAlvarado,22
EmiliaRojas,87
OliviaAlvarado,32
VictoriaVera,95
ValeriaCortes,18
OliviaRojas,44
JuanDavidHenriquez,78
JesusSanchez,26
SamuelLee,62
MaryFarias,23
AmandaVidal,22
SusanSaez,18
MiaGonzalez,84
MariaJoseRiquelme,88
JuanAraya,70
DanielAlejandroEspinoza,83
ReginaBustos,62
DanielAlejandroMiranda,61
AgustinCortes,48
JacobMartinez,23
FelipeVergara,20
ChloeGallardo,52
RafaelBrown,77
JuliaRamirez,86
EmmaSaavedra,24
CristobalContreras,43
SaraCampbell,89
JoseGallardo,34
IkerGodoy,33
SantinoJara,35
LuzSepulveda,69
DanielaGodoy,77
SamuelTapia,43
JohnBustamante,30
KamilaRiquelme,56
TomasAlvarez,10
DanielaLee,15
IsidoraWilliams,69
MilagrosRodriguez,8
DanielaFernandez,97
EmmaVidal,20
AlexandraPino,33
JuanAndresVasquez,64
SebastianGomez,16
MariaJimenez,73
RodrigoTaylor,57
DiegoAlejandroGuerrero,74
RodrigoGonzalez,18
AvaCortes,24
AlondraCampos,81
MilagrosPino,18
GiovannaWilliams,50
SaraNavarrete,79
MilagrosSanchez,55
AlondraVasquez,7
MichaelPalma,27
LauraPatel,57
JoaquinMoreno,43
ValentinaRojas,71
LucasBrown,91
ThomasOlivares,11
DanielAlejandroFlores,48
BernardoTorres,70
IanNavarro,21
EmiliaRodriguez,3
SofiaCortes,1
LucasRuiz,21
MariaJoseAguilera,69
MateoVargas,9
MariaJoseSalazar,87
ValeriaDonoso,5
WilliamLopez,90
AlexanderTapia,28
WilliamValenzuela,68
SofiaAlvarado,64
JuanDavidPalma,71
CarlosValdes,28
MargaretAlvarado,2
EmmaGonzalez,15
MaryTaylor,17
EmilianoRivera,13
MartinaParedes,53
DylanJones,18
RenataOlivares,11
DanielaValdes,57
AliceCaceres,86
MartinSaavedra,67
DanielaRuiz,69
LuzRuiz,40
SophiaMartin,73
LuzPatel,67
SamanthaSmith,58
MateoFlores,42
ReginaCortes,96
IsabellaWong,79
MaiteJones,64
AlexanderToro,61
MicaelaGonzalez,91
PatriciaSanhueza,57
SophiaCortes,53
RafaelRiquelme,84
CarlosVidal,30
AngelValdes,39
SofiaMaldonado,54
JoaquinValenzuela,62
VicentePizarro,24
LautaroCardenas,51
LilyRiquelme,24
VicenteBustamante,43
RobertEscobar,94
DiegoBrown,53
RodrigoCampbell,31
PedroEspinoza,26
SamanthaVera,40
SaraSanhueza,67
GabrielaWilliams,86
AndresFelipeVega,88
SusanOlivares,82
DanielaMoreno,56
RobertDonoso,84
RobertAraya,84
SamanthaAravena,2
JoseLagos,2
CamilaAlvarado,67
MariaJoseThompson,66
MaiteVega,59
RafaelValdes,44
BarbaraParra,88
JuanVasquez,28
CatalinaPino,39
EmilianoRomero,88
ThomasJimenez,68
AndresFelipePalma,97
JosephFlores,59
WilliamToro,65
HaleyVergara,21
MaiteAlarcon,59
TomasGutierrez,54
ValeriaVera,39
BarbaraSaez,29
SebastianMoreno,35
PedroBrown,56
AvaVenegas,86
BeatrizAguilera,49
LilyJara,91
BarbaraCastillo,34
ThomasVega,84
XimenaMartin,38
BeatrizWong,4
LilyCampbell,55
GabrielaOrtega,49
DanielThompson,74
AlejandroHernandez,80
FlorenciaMoreno,74
AlmaBrown,66
BenjaminLagos,36
BarbaraHernandez,75
AndreaMartinez,32
LuzSanchez,62
CamilaToro,41
WilliamCampbell,8
DanielaWilliams,26
CamilaMartinez,36
FranciscoGallardo,42
LauraTapia,63
MateoGomez,50
CarlosBustamante,4
JenniferEspinoza,66
RobertCastro,82
FernandaPerez,61
JuanDavidGarrido,35
JuanAndresMolina,100
AlejandroValenzuela,51
DanielAlejandroWilson,54
ValeriaBustamante,5
AlexanderSepulveda,82
AlmaVenegas,76
LuisLopez,42
ZoeParedes,86
AnaPaulaWilliams,5
DanielAlejandroJara,30
FernandaOrellana,32
BarbaraCastro,48
MartinaCastro,31
EmiliaGallardo,36
AlondraPerez,70
LeonardoSoto,15
CarlosMartinez,25
VictoriaAlvarez,95
MiaVega,55
MilagrosJones,80
GiovannaSaez,13
BeatrizTaylor,2
KamilaCastillo,25
EmilianoGuerrero,57
MariaBravo,17
MargaretSanMartin,17
DylanRomero,11
LucasBustamante,68
DiegoAlejandroOlivares,31
SofiaToro,72
JuanJoseMartin,59
AgustinLeiva,53
AgustinaGarrido,89
AdrianWong,7
TomasGuerrero,46
MicaelaBustos,80
SophiaReyes,40
DiegoRiquelme,31
SofiaAlarcon,17
AlondraAravena,96
FranciscoGarcia,55
OliviaGallardo,14
AlondraGutierrez,43
IkerReyes,37
MartinPoblete,100
MatiasValdes,33
BeatrizVega,49
JoseAraya,26
SamuelFernandez,9
VicenteFarias,86
AmandaCampbell,9
IkerHerrera,13
LautaroSanhueza,66
LindaCaceres,76
DiegoAlejandroSalinas,81
ThomasGonzalez,23
NicolasFernandez,17
ThomasReyes,88
MaximilianoCampos,37
HaleyPizarro,74
EmiliaAlvarez,54
JoseFarias,3
SebastianCastro,16
SofiaMorales,98
LucianaOrtiz,34
TomasAravena,25
BernardoCampbell,86
ReginaGonzalez,71
RominaValenzuela,15
AvaAraya,1
ChloeLeiva,32
ValentinaParra,94
MicaelaSandoval,54
RenataCampbell,87
LeonardoMorales,47
CristobalAlvarado,14
BarbaraAguilera,8
AgustinToro,28
SaraMoreno,27
HaleyVidal,35
DanielAraya,99
IsabellaValenzuela,65
VicenteAguilera,53
LautaroVargas,15
NicolasOrtiz,66
CatalinaWong,76
SofiaGuzman,13
JamesOrtega,81
LuisWong,57
PatriciaLagos,95
BernardoEscobar,34
IanOrtiz,73
PatriciaFuentes,22
MariaJara,83
JoaquinAraya,84
JosephEspinoza,40
AdrianDiaz,34
JesusVenegas,71
JacobGarrido,37
ValentinaGarrido,35
MicaelaPoblete,66
FranciscoSaez,9
RichardAlarcon,10
NicolasPatel,78
SantinoLee,73
AntonellaSilva,15
BarbaraOrellana,47
LuisCastro,55
DiegoCortes,86
ThomasFernandez,47
LucianaSaavedra,88
FlorenciaJara,10
LautaroMoreno,39
TomasAlarcon,72
BernardoGonzalez,99
ReginaCastillo,19
LautaroLagos,85
LautaroFuentes,4
JuanDavidWilson,4
AngelGutierrez,57
AmandaLee,10
LilyHernandez,4
JohnBrown,7
AgustinVergara,83
FernandaGodoy,14
MiaToro,25
EmmaMartinez,18
MariaRuiz,4
DanielAlejandroMaldonado,30
FelipeLeiva,25
AngelVenegas,64
AlmaFarias,16
XimenaGallardo,53
LucasHenriquez,14
ValentinaEspinoza,30
MichaelCarrasco,58
JuanAndresParedes,98
JoaquinPizarro,69
MaiteCampos,89
RafaelOlivares,98
PatriciaGallardo,25
JamesValenzuela,81
LuisSilva,33
JohnMiranda,52
LauraEspinoza,65
MiguelPerez,10
MiaSalazar,36
DanielFernandez,65
AmandaBustos,34
HannahRamirez,98
RominaGonzalez,57
ValeriaValdes,70
ReginaRivera,60
AlmaMartinez,43
LuciaVenegas,71
IsidoraSanhueza,68
SofiaMartin,27
DylanFuentes,26
BrunoValenzuela,38
MargaretFernandez,22
MatiasGarcia,56
RenataSoto,32
ArianaSanhueza,59
FelipeVenegas,20
SophieCarvajal,56
MartinCarrasco,76
SofiaVera,60
OliviaVera,7
HannahVargas,26
HannahPatel,10
MarianaRojas,99
AndreaValdes,28
MatiasCardenas,15
JosephHernandez,66
LilySaavedra,45
GabrielPatel,65
LucasMolina,18
LautaroHenriquez,25
FlorenciaVidal,6
SantiagoJones,74
AlexandraLee,66
LeonardoJones,22
ZoeGuzman,95
MartinaCarvajal,37
AngelSanchez,94
SantinoSaavedra,72
AdrianMolina,24
JesusParra,25
GiovannaSmith,36
IsabellaPoblete,62
DiegoAlejandroGallardo,35
AgustinaMoreno,99
CristobalAguilera,92
DiegoAlvarez,27
CristobalSalazar,47
MartinaTaylor,71
LautaroOrtiz,8
AndresFelipeCastro,14
JoseSalinas,59
SophieJimenez,88
LuciaLee,24
DiegoSaez,78
VicenteSalazar,41
EmiliaGonzalez,58
DiegoAlvarado,43
MarianaCampbell,52
EmilySoto,18
AlexanderPatel,1
EmmaJones,7
JuanDavidSaez,76
FelipeOrtega,18
MiguelRojas,3
AgustinPatel,61
LucianaMartinez,73
BernardoRamirez,24
BeatrizSanMartin,92
JosephPerez,30
AndresFelipeLeiva,37
BeatrizHernandez,29
MaiteAraya,72
AndresFelipeSaavedra,19
XimenaLee,73
BeatrizMiranda,37
EmilyVega,16
RodrigoDiaz,55
JuanJoseToro,1
FernandaRuiz,96
VicenteRomero,85
RodrigoAravena,66
LindaGodoy,70
MaryOlivares,87
SofiaOrellana,71
MateoTaylor,24
AlejandroMorales,4
CharlesRamirez,94
HaleySoto,81
LeonardoAravena,71
MiguelMolina,16
FranciscoPerez,52
AvaSmith,95
AlexandraAguilera,28
JuanSilva,66
DiegoAlejandroVera,32
LuzCastillo,27
PedroFigueroa,51
AlexandraJones,50
JoseRomero,74
AgustinaValenzuela,94
AlexanderRamirez,56
MaximilianoMoreno,63
KamilaSepulveda,95
HaleyFigueroa,3
JohnGarcia,55
WilliamGuerrero,33
LuciaSanhueza,48
GabrielGarrido,66
XimenaOrtiz,31
ElizabethPino,32
MateoSilva,22
KamilaAraya,79
ArianaWong,97
SofiaRojas,4
BrunoGomez,81
KamilaGarrido,18
BeatrizValdes,90
SophieEscobar,64
LuisFlores,65
LuciaRivera,99
MateoValdes,49
EmilyFlores,77
ArianaHernandez,41
MaiteTorres,33
JenniferBustamante,20
DanielPerez,18
EmilianoVargas,81
RobertJones,75
TomasRomero,41
AndresFelipePoblete,7
MartinBustos,50
MicaelaLeiva,96
JuanDavidVargas,1
RominaMartin,6
EmiliaDiaz,61
AngelSepulveda,22
FlorenciaSandoval,20
HannahGarcia,33
DiegoAlejandroCampos,72
MichaelMedina,37
LindaOrtega,64
ManuelaNavarrete,46
JohnGarrido,31
MatiasVera,68
BenjaminNavarrete,92
ZoeDonoso,22
IanParedes,66
SofiaAguilera,2
FlorenciaMiranda,31
CamilaParedes,6
KamilaAlarcon,56
AgustinaGonzalez,8
PedroGallardo,38
FernandaCortes,90
SamuelSaavedra,18
SofiaVidal,76
MariaJoseSandoval,78
LuciaLeiva,83
JuanValenzuela,97
EmmaOrellana,75
GiovannaRojas,28
XimenaGuzman,72
ValeriaGuzman,8
AgustinMedina,17
MariaBustamante,69
MaiteJimenez,10
LautaroCastro,9
MarianaGodoy,50
JuanPino,11
RenataOrtiz,66
XimenaSanhueza,66
AgustinaMiranda,7
VictoriaVargas,17
AlmaCardenas,49
CharlesMartin,81
DanielaRomero,63
JesusValdes,80
RichardThompson,26
LilySanMartin,14
EmilianoAlvarado,44
EmiliaContreras,64
ChloeAraya,73
LindaAraya,48
EmilianoLopez,8
AnaPaulaBustos,45
SantiagoMaldonado,67
RafaelSandoval,36
FelipeCarrasco,61
LilyDiaz,82
JuanAndresCastillo,6
LuciaAlvarez,84
ChloeCastro,64
HannahGomez,30
KamilaGarcia,4
AgustinBustamante,93
EmilianoVasquez,93
BrunoLagos,13
JuanJoseOrtega,76
MariaJoseVidal,52
JuanGonzalez,16
CristobalJones,73
BeatrizGuzman,44
BeatrizGuerrero,95
AvaCardenas,80
SantiagoFarias,32
ElizabethSmith,66
NicoleBravo,52
ValentinaPerez,52
JamesCastro,69
MartinaPino,40
LucianaRojas,43
RichardMaldonado,69
MartinaCastillo,25
SantiagoThompson,27
JuanDavidJimenez,89
DiegoTaylor,94
AndreaFernandez,86
PatriciaValdes,16
JesusEspinoza,61
ReginaSanhueza,41
MariaOrtiz,44
MartinaMartin,24
MicaelaPalma,100
MaximilianoSilva,14
LeonardoCaceres,63
LucianaDonoso,25
ThomasVera,3
BenjaminMiranda,7
ReginaAlarcon,40
RenataNavarrete,20
PatriciaWong,54
BrunoVasquez,5
JuanAndresRomero,24
AlexanderContreras,94
FelipeNavarro,99
NicoleAlvarez,10
LeonardoOrtega,5
ValeriaPino,74
MatiasBrown,23
DavidRomero,46
XimenaAguilera,6
MatiasDonoso,51
OliviaSaavedra,7
ChloeJara,86
AvaSandoval,63
PedroGomez,80
FelipeMartinez,97
MichaelTapia,85
MarianaVergara,97
LindaPoblete,33
BarbaraDiaz,62
DanielRuiz,87
JoseThompson,12
MartinDiaz,52
LilyLee,98
ArthurCampbell,4
AmandaLopez,57
MartinaMiranda,59
AndreaRodriguez,98
GiovannaGarcia,98
IsabellaPino,26
AvaSalinas,99
JuanAndresRamirez,59
LuisAlvarado,48
AntonellaCarrasco,25
AngelRomero,8
ThomasSaavedra,74
HannahSanchez,35
MaryGallardo,81
ValentinaOlivares,41
LuzHenriquez,88
MilagrosRojas,23
EmiliaRuiz,77
RodrigoRamirez,89
MartinGutierrez,14
EmmaThompson,51
GabrielCortes,67
AmandaNavarro,62
FernandaAlvarado,7
MicaelaPino,90
ReginaOrtiz,55
ArianaRivera,64
JosephPalma,84
EmilianoGarcia,65
MateoPatel,1
SofiaOrtega,34
RichardWong,37
MartinGuzman,30
AntonellaRivera,62
MatiasTapia,62
CarlosJara,78
AvaSanMartin,95
ThomasValdes,60
JuanAndresGuzman,22
JuanAndresTapia,23
BernardoMaldonado,94
JamesDiaz,15
BenjaminSanMartin,96
RobertSmith,13
ElizabethFuentes,5
AgustinSanhueza,9
JacobCastillo,71
CatalinaBravo,30
ChloePoblete,61
MariaGuzman,71
MarianaBustamante,86
CamilaBustos,4
MariaWong,7
ValeriaFernandez,63
MateoGuzman,53
ValeriaCastillo,1
JenniferMiranda,81
XimenaRivera,22
AgustinAlarcon,25
NicoleMoreno,67
EmilyVasquez,74
MariaJoseMartin,66
HaleyMorales,8
SantiagoVergara,2
AgustinaRamirez,52
ReginaFarias,79
AntonellaPatel,94
AgustinNavarro,32
JuanJoseRomero,83
TomasWong,20
AvaDonoso,72
LauraToro,64
FelipeSalinas,12
GabrielaTorres,58
MargaretDiaz,59
FlorenciaSepulveda,8
AnaPaulaFarias,56
NicoleBustamante,13
MartinLopez,68
BrunoSanhueza,21
SebastianCarvajal,34
MichaelAlvarado,18
JamesSaez,1
SofiaEscobar,5
SophiaMolina,56
SophiePalma,70
AgustinParedes,10
AmandaCampos,2
CharlesAraya,89
MicaelaVenegas,4
MariaJoseFernandez,45
XimenaCortes,97
LucasParedes,55
FranciscoReyes,23
CharlesSalazar,44
DylanLopez,99
IkerMaldonado,52
PedroRiquelme,83
MaiteParedes,52
IsidoraMolina,85
GabrielSepulveda,71
DylanContreras,30
LuisJara,79
LautaroRomero,69
IkerLopez,7
LauraCarvajal,88
TomasMartinez,48
DanielaRodriguez,4
EmmaCortes,84
ValeriaContreras,55
AlexanderWong,50
SamanthaFuentes,100
CharlesEscobar,48
ThomasVidal,56
PedroGuerrero,10
IkerSanMartin,95
MargaretSanchez,45
AlexanderGuzman,93
SaraMolina,36
MicaelaMoreno,45
HaleyMartinez,26
CamilaReyes,57
EmmaAraya,25
MiaFigueroa,70
MatiasPoblete,67
MateoParedes,82
AndreaOrellana,63
LucianaLopez,89
JuanDavidSoto,49
SofiaWilson,52
DylanSaavedra,33
IanSanhueza,3
IanSilva,74
AndresFelipeValenzuela,13
LeonardoTaylor,89
AdrianGarcia,67
MartinAguilera,1
SophieLagos,62
FernandaNavarrete,8
SofiaHernandez,12
ValentinaPizarro,1
AgustinGuerrero,46
JoaquinCardenas,63
JuanAndresGuerrero,34
BenjaminSanchez,93
AliceGallardo,94
BrunoNavarrete,47
SamanthaRojas,5
JuliaFarias,71
WilliamAguilera,96
SantinoSepulveda,16
ManuelaMoreno,44
OliviaRivera,62
GiovannaLeiva,26
VicenteCarrasco,73
CharlesSalinas,85
LuzRiquelme,97
ValeriaVega,69
GabrielTapia,98
AgustinSandoval,66
JosephMaldonado,37
FelipeAraya,60
AlejandroRamirez,52
MariaPerez,90
SophieSepulveda,89
DiegoAlejandroSandoval,1
LindaVega,18
SaraFernandez,51
ChloeContreras,25
JamesSepulveda,70
IkerSepulveda,60
MaiteNavarrete,42
ValentinaTaylor,90
MichaelBravo,84
IkerValenzuela,83
SaraMartinez,32
ElizabethToro,27
WilliamSandoval,29
JohnVasquez,13
ChloeTaylor,94
LuzLeiva,55
KamilaMaldonado,91
MaryPalma,8
EmilianoGomez,69
HannahParra,99
IkerMedina,75
ZoeGuerrero,61
DanielAlejandroSanhueza,66
MaiteFarias,64
ChloeWilson,87
ArthurVergara,67
LautaroGallardo,28
AliceGuerrero,50
LucianaPerez,68
GabrielCampos,100
EmiliaPino,95
GabrielWilliams,57
LuzVidal,63
AngelAguilera,39
IanMartin,84
RobertHenriquez,31
AgustinaSepulveda,25
BrunoHernandez,64
EmilyMoreno,94
CatalinaCortes,50
SusanGallardo,54
XimenaNavarrete,7
EmiliaVargas,74
LuciaBravo,53
CristobalVergara,44
DavidCampos,56
AgustinCampbell,88
LucasSanchez,55
MaryCastillo,56
FlorenciaEspinoza,42
KamilaVidal,86
DiegoMartinez,14
LilyGutierrez,50
LautaroGonzalez,84
AlmaToro,48
MartinaGarcia,83
JuanCarvajal,87
RodrigoLee,92
BernardoNavarrete,51
MariaMartinez,79
LuisPino,28
AgustinaFernandez,45
LuciaValenzuela,7
AgustinGodoy,21
MariaAlvarado,23
LuzMedina,68
MargaretWong,46
BernardoSandoval,28
IsidoraGomez,65
BrunoFigueroa,45
AngelSanhueza,92
SantiagoRuiz,25
GabrielaToro,44
MarianaJara,98
LeonardoMolina,79
LeonardoHernandez,6
JuanWong,14
LautaroAlvarado,8
JohnAraya,15
SofiaBustamante,63
AmandaEscobar,72
EmiliaNavarro,48
JuliaPerez,45
ManuelaPino,63
CatalinaTapia,100
ArianaMiranda,40
BarbaraTapia,48
IkerOlivares,55
ThomasRomero,85
MichaelRivera,12
BeatrizWilliams,40
CristobalLopez,94
RobertGarrido,92
VicenteAravena,55
LuisCardenas,29
MariaFuentes,94
JoaquinHenriquez,67
NicoleTapia,31
ManuelaAlarcon,72
BenjaminAguilera,37
DiegoFigueroa,22
JuanAndresRodriguez,93
